invoice_id,order_id,issue_date,subtotal,tax,total,currency,due_date,status
INV-1457570D,ORD-A3DFF5F0,2025-12-24,2301.97,437.37,2739.3399999999997,MXN,2025-12-06,PARTIAL
INV-9544234E,ORD-998C603A,2026-05-22,4296.74,816.38,5113.12,EUR,2026-06-04,VOID
INV-3E190E81,ORD-041B4C79,2026-03-12,1532.61,291.2,1823.81,COP,2025-12-06,VOID
INV-81951A47,ORD-E75680BB,2025-11-20,1544.76,1838.26,3383.02,USD,2026-01-19,PAID
INV-140A15E9,ORD-DF42CA29,2025-05-14,312.94,156.47,469.40999999999997,EUR,2025-09-17,UNPAID
INV-309AA02E,ORD-826F081A,2025-11-27,772.4,146.76,919.16,USD,2026-01-15,UNPAID
INV-2F584A94,ORD-5E331ED8,2026-03-24,4002.63,760.5,4763.13,MXN,2025-10-25,UNPAID
INV-A7A66E73,ORD-90FC59ED,2026-05-23,2594.16,492.89,3087.0499999999997,COP,2025-06-22,UNPAID
INV-C1840A08,ORD-31CA528C,2025-09-17,1140.18,216.63,1356.81,USD,2025-10-18,VOID
INV-2296DE7C,ORD-10F455E5,2025-12-17,2862.52,543.88,3406.4,MXN,2025-09-05,PARTIAL
INV-C413A659,ORD-7E54DA1E,2025-05-05,1134.52,215.56,1350.08,COP,2025-03-02,PARTIAL
INV-768DB93C,ORD-476A3991,2026-04-06,3355.37,637.52,3992.89,COP,2026-02-06,UNPAID
INV-C8EEEAAD,,2025-11-07,1325.33,251.81,1577.1399999999999,EUR,2025-09-08,VOID
INV-2B342A75,ORD-6B56B091,2025-10-19,3502.04,665.39,4167.43,USD,2026-01-11,PAID
INV-379C2A7A,ORD-ED167EC3,2026-05-24,2431.81,462.04,2893.85,MXN,2026-05-08,PARTIAL
INV-67439B98,ORD-4ED992E0,2025-05-05,2392.21,454.52,2846.73,COP,2025-02-05,PARTIAL
INV-02D80D4C,ORD-560B63A9,2026-02-20,4254.78,808.41,5063.19,EUR,2026-05-16,VOID
INV-105A34A9,ORD-15149D1A,2026-05-25,4469.75,849.25,5319.0,EUR,2026-05-21,UNPAID
INV-442B8F76,ORD-9672663F,2026-03-30,2333.37,443.34,2776.71,COP,2026-04-23,UNPAID
INV-B4FE1EB8,ORD-944B0F07,2025-09-21,3627.71,689.26,4316.97,MXN,2025-04-22,VOID
INV-EB7FB6F8,ORD-4D73A782,2026-04-23,3239.34,615.47,3854.8100000000004,EUR,2026-06-16,PARTIAL
INV-5467601E,ORD-DA62A307,2026-02-18,1984.43,377.04,2361.4700000000003,COP,2026-03-09,PARTIAL
INV-CA72280E,ORD-C8803BAE,2026-05-14,3769.99,716.3,4486.29,MXN,2026-03-05,VOID
INV-5A417C45,ORD-8345D6D3,2025-11-14,4942.43,939.06,5881.49,EUR,2026-05-07,UNPAID
INV-42D9F538,ORD-9D689315,2025-12-11,3865.76,734.49,4600.25,EUR,2026-05-26,PARTIAL
INV-693CFCFF,ORD-C50BD5B9,2026-04-22,4968.47,944.01,5912.4800000000005,EUR,2026-06-22,PARTIAL
INV-0FBB4D44,ORD-96DDB159,2025-11-13,3791.08,720.31,4511.389999999999,MXN,2025-09-21,VOID
INV-23254F28,ORD-D5B5984B,2025-08-14,4574.82,869.22,5444.04,MXN,2025-11-14,PAID
INV-5FC2CD26,ORD-C4D6AFC4,2026-02-05,4765.36,905.42,5670.78,USD,2025-10-21,PARTIAL
INV-A03B80EA,ORD-FD414341,2025-06-30,2784.18,528.99,3313.17,MXN,2025-06-02,UNPAID
INV-79CD96C1,ORD-197634E5,2026-03-22,444.4,84.44,528.8399999999999,USD,2025-05-27,UNPAID
INV-0C30DAEB,ORD-5C86A6F9,2025-12-31,2107.1,400.35,2507.45,COP,2024-10-31,UNPAID
INV-CCE70AB7,ORD-3D533DEE,2025-06-22,820.06,155.81,975.8699999999999,EUR,2026-06-03,VOID
INV-E6723A7F,ORD-103D24CF,2026-02-16,3120.69,592.93,3713.62,MXN,2026-02-02,PARTIAL
INV-055BA467,ORD-63A7BC90,2026-02-13,4627.33,879.19,5506.52,USD,2026-01-18,PAID
INV-CD410205,ORD-63247E63,2025-06-07,4672.29,887.74,5560.03,COP,2025-06-30,UNPAID
INV-BDF480B7,ORD-EF15627D,2026-01-17,981.0,0.0,981.0,MXN,2025-04-22,PAID
INV-66C5A772,ORD-9FFC7F2B,2026-03-24,2790.25,0.0,2790.25,USD,2026-03-25,PARTIAL
INV-3D3CA786,ORD-130BB2A3,2026-05-25,4996.44,949.32,5945.759999999999,USD,2026-05-14,PARTIAL
INV-59F4B244,ORD-6B905645,2025-04-21,2048.07,389.13,2437.2000000000003,COP,2024-08-30,UNPAID
INV-56FA0670,ORD-7A1B2BB4,2025-06-17,516.86,98.2,615.0600000000001,COP,2025-04-26,UNPAID
INV-238B67BA,ORD-DD23A782,2026-05-01,3657.31,694.89,4352.2,EUR,2026-03-31,VOID
INV-B9599622,ORD-30034603,2025-09-13,4381.61,832.51,5214.12,USD,2025-05-23,PARTIAL
INV-7CC818D9,ORD-A5F97430,2025-08-22,3101.1,589.21,3690.31,MXN,2026-02-10,PARTIAL
INV-154E807D,ORD-A40CD0EE,2026-02-22,3746.59,711.85,4458.4400000000005,EUR,2025-08-22,VOID
INV-F8CA6CE7,ORD-2209CD5F,2026-05-06,1287.48,244.62,1532.1,MXN,2026-06-13,UNPAID
INV-0446521E,ORD-57632BE7,2025-10-22,3600.32,684.06,4284.38,COP,2025-06-05,PARTIAL
INV-54B26492,ORD-3E2613AB,2025-11-10,1798.23,341.66,2139.89,COP,2025-06-09,VOID
INV-872BDC25,ORD-0F417135,2026-01-03,2194.8,417.01,2611.8100000000004,EUR,2025-12-24,UNPAID
INV-EDC94FF9,ORD-D6E75F73,2026-01-25,3239.04,615.42,3854.46,COP,2026-03-09,PAID
INV-E7EA49EE,ORD-7C641C58,2025-03-31,2218.74,421.56,2640.2999999999997,USD,2026-02-05,PAID
INV-48D09D10,ORD-84381157,2026-02-25,2634.04,500.47,3134.51,MXN,2026-03-04,UNPAID
INV-B56B48CF,ORD-C50A2D22,2026-03-12,66.69,12.67,79.36,COP,2026-03-09,UNPAID
INV-67D6BD8D,ORD-78CB7469,2026-03-24,4805.24,913.0,5718.24,MXN,2025-11-12,VOID
INV-D4159588,ORD-7792BE47,2026-05-11,4484.83,5336.95,9821.779999999999,MXN,2025-07-23,PAID
INV-9F558BB0,ORD-41A722D6,2024-10-02,1142.62,217.1,1359.7199999999998,MXN,2026-04-09,UNPAID
INV-BEAE7E2C,ORD-3C98FE89,2025-12-26,4454.52,846.36,5300.88,EUR,2026-01-03,PARTIAL
INV-5FFE6918,ORD-BA89C34B,2024-06-24,3460.53,657.5,4118.030000000001,EUR,2025-08-29,VOID
INV-3D2DC751,ORD-471560E4,2024-06-16,545.46,103.64,649.1,USD,2025-11-09,PAID
INV-157E8C58,ORD-0577F0C3,2026-03-31,863.26,164.02,1027.28,COP,2026-03-09,UNPAID
INV-07266942,ORD-6F4327CC,2025-08-27,3833.87,728.44,4562.3099999999995,EUR,2026-01-05,PARTIAL
INV-A125A169,,2026-05-02,829.12,157.53,986.65,COP,2026-06-24,PARTIAL
INV-EE6FF30B,ORD-D5EB6F69,2026-01-31,1338.13,254.24,1592.3700000000001,COP,2025-05-22,VOID
INV-9398BC57,ORD-B1CBE822,2025-02-07,2351.1,446.71,2797.81,EUR,2024-12-23,PAID
INV-B8A31114,ORD-E2696A73,2024-11-18,1240.39,235.67,1476.0600000000002,EUR,2024-10-04,UNPAID
INV-A1AF3954,,2026-04-18,1693.78,321.82,2015.6,EUR,2026-05-26,PAID
INV-E2DACD4B,ORD-CED7430D,2026-05-09,3629.3,689.57,4318.87,EUR,2025-11-06,PAID
INV-8E45720C,ORD-A54680AD,2025-01-25,1598.58,303.73,1902.31,EUR,2025-09-05,PAID
INV-AAB18E54,ORD-4984E0AB,2025-07-20,4073.19,773.91,4847.1,MXN,2025-05-28,VOID
INV-15AA1AB2,ORD-780826FF,2025-01-03,1480.44,281.28,1761.72,EUR,2025-08-27,UNPAID
INV-1AED280A,ORD-5868FFDA,2026-01-29,291.82,55.45,347.27,USD,2026-01-06,VOID
INV-51642DE2,ORD-CC361369,2026-05-05,2055.66,390.58,2446.24,EUR,2025-06-29,PAID
INV-66B98374,,2025-02-10,3831.07,727.9,4558.97,USD,2026-05-08,VOID
INV-2CB9AA93,ORD-AABF222F,2026-01-18,1511.0,287.09,1798.09,MXN,2025-11-21,PARTIAL
INV-B8F46975,,2025-11-08,3794.57,720.97,4515.54,USD,2026-01-14,UNPAID
INV-7D74DBF1,,2026-01-24,4373.55,830.97,5204.52,EUR,2025-07-08,VOID
INV-5FB26626,ORD-5E79E796,2026-03-20,259.48,49.3,308.78000000000003,MXN,2025-12-09,PARTIAL
INV-62FA1757,ORD-4EC75BDC,2025-12-06,4561.59,866.7,5428.29,COP,2025-12-18,PAID
INV-9C940C89,ORD-8E5BEF68,2025-11-29,161.34,30.65,191.99,COP,2026-04-09,PARTIAL
INV-918F9792,ORD-2433D80D,2026-03-04,4423.23,840.41,5263.639999999999,USD,2026-04-14,UNPAID
INV-8E8B30DA,ORD-F632090A,2025-05-05,4594.75,5467.75,10062.5,MXN,2025-07-05,VOID
INV-7A3997F4,ORD-E44E923A,2025-02-26,4298.97,816.8,5115.77,USD,2024-11-24,PARTIAL
INV-ACEFFAA8,ORD-8CBBCA01,2025-02-18,195.52,37.15,232.67000000000002,USD,2025-08-27,VOID
INV-285B54BF,ORD-FA9FDBB3,2025-11-30,3202.33,608.44,3810.77,EUR,2026-05-08,UNPAID
INV-CCF6F9F0,ORD-D68B717E,2024-09-11,1496.61,284.36,1780.9699999999998,COP,2025-08-16,PAID
INV-EEC58BCC,ORD-25DB9DBD,2024-07-22,3628.62,689.44,4318.0599999999995,MXN,2025-01-05,PARTIAL
INV-A5FBBEDB,,2024-12-14,262.12,49.8,311.92,EUR,2025-05-24,VOID
INV-9002E0D3,ORD-20F8260C,2025-05-04,3731.6,709.0,4440.6,COP,2025-08-14,PAID
INV-51BB56FC,ORD-E2712FF8,2025-10-10,324.17,61.59,385.76,MXN,2025-10-29,PAID
INV-966DA436,ORD-2CEE1A3A,2025-12-30,409.76,77.85,487.61,COP,2026-06-18,UNPAID
INV-616ABF8C,ORD-7C4243C7,2026-02-03,2177.48,1088.74,3266.2200000000003,USD,2026-05-11,VOID
INV-33104966,ORD-7A15422E,2026-04-13,4926.48,936.03,5862.509999999999,USD,2026-04-08,VOID
INV-9297E211,ORD-99ADF607,2026-04-11,3301.02,627.19,3928.21,EUR,2026-01-09,PARTIAL
INV-04011498,ORD-3F8A16B8,2025-03-15,3928.48,746.41,4674.89,USD,2026-03-24,VOID
INV-267706BD,ORD-31C78A33,2026-04-25,4442.33,844.04,5286.37,COP,2026-06-22,PAID
INV-A3EF973C,ORD-F8179896,2025-12-16,4045.03,768.56,4813.59,EUR,2026-01-02,PAID
INV-F89C03FD,ORD-C1CB8D69,2026-04-22,4497.68,854.56,5352.24,COP,2024-11-10,PARTIAL
INV-532FF93E,ORD-90F6EDCE,2026-03-05,4442.05,843.99,5286.04,MXN,2025-08-24,UNPAID
INV-D770A730,ORD-C01BA459,2026-04-12,4045.8,0.0,4045.8,COP,2025-11-26,VOID
INV-48A93C93,ORD-459B556F,2025-12-17,1240.97,235.78,1476.75,MXN,2025-10-13,UNPAID
INV-CB051BF8,ORD-99B351A6,2025-08-26,-1157.49,-219.92,-1377.41,EUR,2026-02-06,UNPAID
INV-D6270F6F,ORD-AB16B1FD,2026-03-04,4899.27,930.86,5830.13,COP,2026-01-21,UNPAID
INV-9FCD0BD6,ORD-044E2D9B,2026-05-20,298.98,56.81,355.79,USD,2026-06-07,PARTIAL
INV-3FF5359D,ORD-7DF9E116,2026-05-11,1755.52,2089.07,3844.59,MXN,2026-03-06,PAID
INV-309C5B52,ORD-4377BE10,2025-02-06,2848.84,3390.12,6238.96,COP,2024-08-04,PAID
INV-1B504D43,ORD-506F6BC0,2025-09-27,2296.64,436.36,2733.0,USD,2025-08-28,VOID
INV-15FD2682,ORD-3CEBCC1D,2026-03-26,858.74,163.16,1021.9,MXN,2026-06-17,PARTIAL
INV-645E6BD4,ORD-728EA994,2025-03-18,2888.51,548.82,3437.3300000000004,USD,2026-02-06,UNPAID
INV-E7A05F0E,ORD-73A524C1,2025-06-28,517.86,98.39,616.25,USD,2026-01-28,PARTIAL
INV-5F8AB644,ORD-7FE99B4F,2026-03-20,586.0,111.34,697.34,MXN,2026-02-21,PAID
INV-15ECC9C4,ORD-BC0B55FE,2026-05-02,4656.4,884.72,5541.12,USD,2026-06-03,PAID
INV-4534A7D7,ORD-D91B8378,2025-11-30,1196.56,227.35,1423.9099999999999,COP,2025-09-24,PARTIAL
INV-B18086C9,,2026-03-22,2883.51,0.0,2883.51,USD,2026-05-31,UNPAID
INV-2761CFCF,ORD-E67AE19A,2025-03-19,3515.55,667.95,4183.5,MXN,2025-05-12,UNPAID
INV-26F317F0,ORD-2E31E772,2024-12-03,1911.78,363.24,2275.02,COP,2026-04-27,PARTIAL
INV-F5D9E94E,ORD-55C5E74B,2025-12-15,1997.12,379.45,2376.5699999999997,MXN,2025-11-17,PARTIAL
INV-F082C877,ORD-2C99562C,2026-01-09,794.19,150.9,945.09,EUR,2024-10-13,VOID
INV-1A0E54F9,ORD-C5C734B4,2026-05-05,3787.07,719.54,4506.610000000001,MXN,2025-12-26,PARTIAL
INV-B8258E42,ORD-A127F663,2024-09-27,3047.71,579.06,3626.77,MXN,2025-10-21,PAID
INV-37BD0AD8,ORD-092A2783,2025-11-06,2751.18,522.72,3273.8999999999996,MXN,2026-01-24,UNPAID
INV-EF204561,ORD-322C519F,2026-02-19,1214.64,230.78,1445.42,MXN,2025-06-27,UNPAID
INV-F152CA82,ORD-7F4A3544,2026-01-20,792.09,150.5,942.59,MXN,2026-05-16,UNPAID
INV-3F34A4AF,ORD-883A5EF5,2026-04-24,1020.96,193.98,1214.94,COP,2026-06-07,PARTIAL
INV-D0445354,ORD-07A7611D,2026-01-10,3972.41,754.76,4727.17,MXN,2026-01-06,PARTIAL
INV-EF040A3C,ORD-97F5D628,2025-12-26,1378.2,261.86,1640.06,EUR,2025-12-13,VOID
INV-E8F2D001,ORD-937838F9,2026-03-27,1270.79,241.45,1512.24,MXN,2026-02-09,VOID
INV-5689E017,ORD-2A17879A,2025-03-07,4512.51,857.38,5369.89,MXN,2025-05-16,PAID
INV-DABEC72A,ORD-2AED0848,2026-05-04,4664.2,0.0,4664.2,COP,2026-06-08,VOID
INV-583BFC76,ORD-62E32FA7,2026-04-29,177.01,33.63,210.64,EUR,2026-05-17,PARTIAL
INV-97F1705C,ORD-64FFF7A6,2025-04-04,1382.21,262.62,1644.83,MXN,2026-06-23,VOID
INV-94B7D5DF,ORD-5DB96490,2026-01-20,4146.62,787.86,4934.48,MXN,2026-03-24,UNPAID
INV-93995122,ORD-F34C8C78,2026-01-09,790.95,150.28,941.23,MXN,2026-02-21,UNPAID
INV-6D2DBFDD,ORD-86DB41B4,2025-12-20,83.3,15.83,99.13,EUR,2025-12-22,PAID
INV-3B21D4BF,ORD-969C382A,2025-05-01,4471.2,849.53,5320.73,COP,2026-01-01,PARTIAL
INV-AE83606C,ORD-153E09BA,2026-03-28,688.04,130.73,818.77,MXN,2026-02-08,PAID
INV-589F5072,ORD-D3BB447F,2024-08-21,1220.29,231.86,1452.15,EUR,2025-06-30,PAID
INV-E702CEA2,ORD-9620818D,2025-11-11,1457.6,276.94,1734.54,COP,2025-11-16,VOID
INV-6A237315,ORD-B424A7A0,2024-12-09,81.51,15.49,97.0,COP,2024-11-08,PAID
INV-5BE7237E,ORD-164BA766,2025-11-30,2685.94,510.33,3196.27,MXN,2025-11-09,PARTIAL
INV-D310517C,ORD-4400592C,2025-07-23,1638.2,311.26,1949.46,USD,2025-05-27,PARTIAL
INV-B052DF0F,ORD-A53A43D6,2025-09-16,2769.4,526.19,3295.59,MXN,2026-05-22,PAID
INV-3AFB00F9,ORD-9522496E,2026-05-25,3946.7,1973.35,5920.049999999999,USD,2026-06-14,VOID
INV-55CE011D,ORD-8D9A58D8,2026-02-27,3303.37,627.64,3931.0099999999998,EUR,2025-09-29,VOID
INV-3CBCEEEE,ORD-8A4828AF,2025-03-21,3527.23,670.17,4197.4,MXN,2025-07-04,VOID
INV-F5319DA6,ORD-38079A8E,2024-10-14,3637.69,691.16,4328.85,MXN,2025-12-20,UNPAID
INV-148690F7,ORD-F3FCE192,2026-02-22,2876.67,546.57,3423.2400000000002,USD,2026-06-02,UNPAID
INV-AE96EC12,ORD-2CA0ED97,2026-03-26,4247.32,806.99,5054.3099999999995,EUR,2025-08-29,UNPAID
INV-F2AF8671,,2025-08-01,4758.62,904.14,5662.76,COP,2024-12-11,VOID
INV-FD9386D9,ORD-2F45A112,2026-05-19,3624.12,688.58,4312.7,USD,2026-04-25,VOID
INV-C4502A4C,ORD-14FE9960,2026-02-24,1426.74,271.08,1697.82,MXN,2026-06-20,PARTIAL
INV-18744FE8,ORD-920D5830,2026-04-19,4184.16,794.99,4979.15,USD,2026-03-13,VOID
INV-09954F3D,ORD-5926C059,2026-05-05,879.03,167.02,1046.05,MXN,2025-10-27,UNPAID
INV-848E44DC,ORD-F7A87BC5,2025-02-02,459.11,87.23,546.34,USD,2025-05-30,VOID
INV-A1E0C35E,ORD-B34D8B83,2026-05-01,622.02,118.18,740.2,COP,2026-06-10,PARTIAL
INV-02C02FBC,ORD-61F0E5C5,2025-06-14,3048.89,579.29,3628.18,EUR,2025-05-13,PAID
INV-368A2097,ORD-BE19B37A,2026-05-10,3622.27,688.23,4310.5,MXN,2026-04-27,UNPAID
INV-4B5293E4,ORD-855FC748,2026-02-12,2303.95,437.75,2741.7,COP,2024-08-09,PAID
INV-F5C55F84,ORD-D2BFBCF2,2026-03-10,793.13,150.69,943.8199999999999,COP,2026-02-03,UNPAID
INV-AE5361AC,ORD-EE426792,2025-01-09,376.79,188.4,565.19,EUR,2025-03-17,PARTIAL
INV-CB7F47C9,ORD-7AB417D6,2026-01-22,4654.42,884.34,5538.76,USD,2026-01-04,VOID
INV-6C6BC336,ORD-6E648EC8,2025-10-17,3116.15,592.07,3708.2200000000003,MXN,2025-10-15,PARTIAL
INV-CA328EBF,ORD-0450F237,2025-10-16,3566.14,677.57,4243.71,MXN,2026-02-01,UNPAID
INV-4719A40B,ORD-97124B5A,2026-01-29,4470.56,849.41,5319.97,EUR,2025-11-30,PARTIAL
INV-8054A1DE,ORD-230933AD,2026-03-16,903.79,171.72,1075.51,COP,2026-04-12,PAID
INV-E6199D55,ORD-97BE4AD9,2025-10-15,4071.06,773.5,4844.5599999999995,COP,2025-06-19,VOID
INV-A238F54B,ORD-0DCB4811,2026-03-06,1017.65,193.35,1211.0,MXN,2025-09-21,VOID
INV-919826EA,ORD-468A4CD3,2025-06-27,4074.34,774.12,4848.46,USD,2026-06-18,PARTIAL
INV-E688F950,ORD-881CF24C,2026-03-12,-1022.94,-194.36,-1217.3000000000002,EUR,2026-03-24,UNPAID
INV-406CF489,ORD-6FFE5A67,2026-03-08,4058.84,771.18,4830.02,MXN,2026-04-20,PARTIAL
INV-0DF682EA,ORD-7999D29E,2025-11-19,367.17,69.76,436.93,MXN,2026-05-28,PAID
INV-2F97E3AE,ORD-C14DF98E,2024-08-19,545.83,103.71,649.5400000000001,MXN,2026-04-11,PARTIAL
INV-4458CE41,ORD-4501A390,2025-10-14,2836.46,538.93,3375.39,MXN,2026-04-03,PAID
INV-AD72AA9F,ORD-CECE12FC,2025-11-30,902.0,171.38,1073.38,USD,2025-12-31,UNPAID
INV-C3252CEC,ORD-4962394F,2026-05-23,4544.97,863.54,5408.51,COP,2026-06-08,VOID
INV-F84B8619,ORD-2BE94560,2024-09-23,302.35,151.18,453.53000000000003,MXN,2024-11-03,UNPAID
INV-7DE560E2,ORD-185708FA,2026-04-05,3313.36,629.54,3942.9,EUR,2026-02-07,PARTIAL
INV-4F852152,ORD-FE389C35,2026-03-14,3767.08,715.75,4482.83,USD,2026-03-04,PAID
INV-C503E904,ORD-E4E7E7A3,2025-05-08,4110.73,781.04,4891.7699999999995,USD,2026-03-16,VOID
INV-CE21E01C,ORD-8A43AA23,2024-07-08,107.09,20.35,127.44,MXN,2024-09-21,VOID
INV-C6CC82E1,ORD-15CAF379,2025-01-22,4152.61,789.0,4941.61,USD,2025-06-01,PARTIAL
INV-604F29C2,ORD-EE2291EF,2026-04-17,3644.72,692.5,4337.219999999999,COP,2026-05-23,VOID
INV-0F51CC53,ORD-CA4514D1,2026-03-11,1185.22,225.19,1410.41,USD,2026-02-23,PAID
INV-CD843C95,ORD-AC97E067,2026-04-14,4502.96,855.56,5358.52,EUR,2026-05-15,UNPAID
INV-05B7802B,ORD-A89C0D28,2025-12-03,3906.2,742.18,4648.38,EUR,2026-02-16,PAID
INV-FA43C7BB,ORD-4FF90831,2025-03-10,4681.0,889.39,5570.39,EUR,2024-12-09,PAID
INV-5F203B71,ORD-947AB584,2025-12-18,555.94,105.63,661.57,USD,2026-05-12,UNPAID
INV-3DF5DEFF,ORD-FFAB82A0,2026-05-13,3135.03,595.66,3730.69,MXN,2026-04-02,UNPAID
INV-AEC0DF66,,2026-02-06,4372.01,830.68,5202.6900000000005,USD,2025-11-08,PARTIAL
INV-ABF8106D,ORD-668E43E1,2025-04-08,266.76,50.68,317.44,EUR,2025-03-27,PARTIAL
INV-6111FE2D,ORD-715EAE42,2024-12-15,2335.54,443.75,2779.29,COP,2025-02-04,VOID
INV-2D317A3E,ORD-4FF6308A,2025-10-27,2770.28,526.35,3296.63,EUR,2026-04-02,PARTIAL
INV-A76B9D80,ORD-9D1B40F5,2026-05-17,4895.54,930.15,5825.69,USD,2025-02-09,PARTIAL
INV-C6637058,ORD-59EC3E63,2025-05-17,1269.66,241.24,1510.9,USD,2024-11-06,VOID
INV-9224E427,ORD-8E242B1D,2026-04-15,356.24,67.69,423.93,MXN,2026-02-27,UNPAID
INV-D3B84F55,ORD-4289281D,2025-06-30,4880.53,927.3,5807.83,MXN,2025-05-08,PARTIAL
INV-A422C6CC,ORD-4C787AC6,2026-01-16,2990.88,568.27,3559.15,USD,2025-07-08,PAID
INV-4F9A13B3,ORD-E72CF300,2026-05-19,1912.86,363.44,2276.2999999999997,COP,2025-12-27,UNPAID
INV-D3527803,ORD-CA5E6705,2026-04-22,1668.03,316.93,1984.96,MXN,2026-04-09,UNPAID
INV-A51432F8,ORD-C85305F9,2026-04-26,2243.33,426.23,2669.56,USD,2026-05-24,PARTIAL
INV-AA6837C0,ORD-C84042F9,2025-10-11,4036.06,2018.03,6054.09,COP,2025-12-03,VOID
INV-21AAA0F0,ORD-DB06FEC2,2025-05-09,315.81,60.0,375.81,MXN,2025-04-01,VOID
INV-46024EEC,ORD-B1A6AED3,2026-02-05,3822.08,726.2,4548.28,MXN,2025-11-30,UNPAID
INV-023AC2B0,ORD-47EB1172,2026-01-15,3085.7,1542.85,4628.549999999999,USD,2026-03-03,UNPAID
INV-ABEDB162,ORD-845EAAB9,2026-01-02,4266.34,810.6,5076.9400000000005,EUR,2026-04-29,UNPAID
INV-FF5EBFCB,ORD-FDDBEB80,2026-01-04,2964.61,563.28,3527.8900000000003,MXN,2026-05-21,PARTIAL
INV-1F0C6E13,ORD-037C9932,2026-04-06,4418.27,839.47,5257.740000000001,MXN,2026-06-12,PAID
INV-5AAEABD7,ORD-6CCC0672,2025-11-25,2072.32,393.74,2466.0600000000004,USD,2025-09-17,PAID
INV-FC798076,ORD-43C527A4,2026-05-18,1784.25,339.01,2123.26,MXN,2026-04-26,PARTIAL
INV-22D5DF3D,ORD-40D2E1BE,2025-07-31,2809.59,533.82,3343.4100000000003,EUR,2026-05-25,PAID
INV-C61B2165,,2025-02-23,2174.72,413.2,2587.9199999999996,COP,2025-04-04,PAID
INV-4C11D23B,ORD-4B20D6A2,2025-11-11,4510.79,857.05,5367.84,EUR,2026-03-11,PARTIAL
INV-5B844E63,ORD-D1D46F58,2024-10-30,4344.67,825.49,5170.16,COP,2026-05-02,VOID
INV-91E58B41,ORD-F65A5AA3,2025-07-07,350.85,66.66,417.51,USD,2025-04-22,PARTIAL
INV-5AA24F1A,ORD-3AC36C05,2026-03-09,1012.09,192.3,1204.39,COP,2026-02-05,PAID
INV-49B39BED,ORD-112458E5,2026-04-19,2011.88,382.26,2394.1400000000003,USD,2026-06-05,UNPAID
INV-AECA599C,ORD-8D6EBE62,2025-02-09,2401.8,456.34,2858.1400000000003,COP,2024-08-27,UNPAID
INV-6330C4BA,ORD-50833557,2025-06-18,3833.45,728.36,4561.8099999999995,MXN,2025-10-25,PARTIAL
INV-EC4AC04E,ORD-97A70F9D,2025-09-21,704.4,133.84,838.24,USD,2026-01-30,PAID
INV-F6FEB332,ORD-8E9A8E72,2026-03-31,2609.55,495.81,3105.36,USD,2026-03-31,UNPAID
INV-297496DE,ORD-042AC25F,2024-08-04,629.02,119.51,748.53,MXN,2026-01-15,PARTIAL
INV-B7D9CD26,ORD-15C5FE34,2026-05-10,1482.35,281.65,1764.0,MXN,2025-12-22,VOID
INV-B2FF8D07,ORD-C068A64C,2025-07-09,1032.85,196.24,1229.09,COP,2026-05-14,UNPAID
INV-C99C04F2,ORD-70024916,2026-02-09,1430.79,271.85,1702.6399999999999,USD,2026-03-31,UNPAID
INV-D32ACC65,ORD-12E63E97,2026-04-26,4863.6,924.08,5787.68,USD,2024-09-01,PAID
INV-41E8E0B6,ORD-398C31C0,2026-05-17,3559.35,676.28,4235.63,COP,2026-06-10,PARTIAL
INV-91BA6C3C,ORD-9E5D78A1,2026-01-16,3089.89,587.08,3676.97,MXN,2025-10-09,PARTIAL
INV-79F58664,ORD-B9C1F1B2,2025-09-29,2763.76,525.11,3288.8700000000003,MXN,2026-06-14,PARTIAL
INV-8E5D790E,ORD-8E300E9C,2025-11-15,3935.31,747.71,4683.02,MXN,2025-06-20,PARTIAL
INV-D460C55E,ORD-16440645,2026-03-26,165.7,31.48,197.17999999999998,COP,2024-11-08,UNPAID
INV-F0FBC188,ORD-F1904CEC,2026-05-12,1548.49,294.21,1842.7,EUR,2026-05-25,PARTIAL
INV-E99640F8,ORD-131AD6FA,2026-05-24,732.95,139.26,872.21,USD,2025-09-26,PAID
INV-9B84D410,ORD-29A7F041,2024-10-11,2981.49,566.48,3547.97,COP,2024-12-13,PAID
INV-F19ABCA9,ORD-E245ED74,2026-01-13,2273.93,432.05,2705.98,EUR,2025-09-26,PARTIAL
INV-09AD6F07,ORD-466D8AC1,2026-04-23,2026.53,385.04,2411.57,EUR,2026-05-03,PARTIAL
INV-1D6FD733,ORD-8AD09042,2026-04-25,724.44,137.64,862.08,COP,2026-05-08,PAID
INV-0E830BFD,ORD-FB26699F,2026-04-28,3071.57,583.6,3655.17,EUR,2026-06-02,PARTIAL
INV-CB98778B,ORD-D1230280,2026-04-29,3750.28,712.55,4462.83,MXN,2026-03-01,UNPAID
INV-7E5E33B2,ORD-AE344B14,2025-09-15,212.5,40.38,252.88,MXN,2025-06-26,VOID
INV-56BA4154,ORD-21AA50DD,2026-01-20,2798.9,531.79,3330.69,MXN,2025-09-03,PARTIAL
INV-3F83FB80,ORD-ECFA60C9,2025-05-08,3676.88,4375.49,8052.37,COP,2025-10-19,VOID
INV-1AB8E8DA,ORD-0917F2D6,2025-09-18,459.08,87.23,546.31,EUR,2025-02-08,UNPAID
INV-C3F36A36,ORD-77E0AD89,2026-04-29,3336.74,633.98,3970.72,COP,2026-06-15,PARTIAL
INV-42C327A3,,2025-10-28,2643.89,502.34,3146.23,EUR,2026-05-09,UNPAID
INV-E0FA5874,ORD-8C46B173,2026-04-11,2205.34,419.01,2624.3500000000004,EUR,2026-01-04,VOID
INV-ADC4D087,ORD-EBCFA81A,2026-05-19,1553.02,295.07,1848.09,COP,2026-06-19,VOID
INV-E5FBAB5D,ORD-46D5D341,2026-04-20,1687.7,320.66,2008.3600000000001,EUR,2026-01-18,PARTIAL
INV-752DCF24,,2026-03-04,4036.93,767.02,4803.95,USD,2026-06-19,PARTIAL
INV-89B8BBC5,ORD-5051B949,2026-03-25,4470.2,849.34,5319.54,COP,2026-02-16,VOID
INV-D7F04AEA,ORD-4277171C,2025-05-25,1767.77,335.88,2103.65,USD,2026-03-02,PARTIAL
INV-FB6FED47,ORD-E9D834B6,2025-03-27,3556.07,675.65,4231.72,EUR,2026-05-18,PAID
INV-58351F3A,ORD-81A8D2B0,2025-09-03,673.98,0.0,673.98,USD,2026-01-21,VOID
INV-E71BB588,ORD-25818B22,2025-08-12,3762.71,714.91,4477.62,EUR,2025-12-29,UNPAID
INV-24177C12,ORD-D91ADE99,2026-03-15,151.53,28.79,180.32,COP,2026-06-09,UNPAID
INV-8D750175,ORD-FC411721,2026-02-15,3182.77,604.73,3787.5,MXN,2025-10-05,PARTIAL
INV-4E10322F,ORD-A0B3543A,2025-01-24,573.55,108.97,682.52,EUR,2026-02-04,VOID
INV-DF50607F,ORD-9241E029,2025-02-12,4287.26,814.58,5101.84,MXN,2025-06-17,UNPAID
INV-07E43911,ORD-69FC339F,2025-08-13,77.81,14.78,92.59,USD,2026-05-21,PAID
INV-569FED82,ORD-22D635B7,2026-02-17,627.41,119.21,746.62,MXN,2025-09-25,PARTIAL
INV-ADFDC6E7,ORD-9004C585,2026-01-16,4621.47,878.08,5499.55,MXN,2026-05-05,VOID
INV-0B420D1E,ORD-652E8957,2024-07-14,2987.42,567.61,3555.03,EUR,2025-01-11,VOID
INV-71F4AD4E,ORD-2FC0FE9C,2024-08-10,4429.48,841.6,5271.08,USD,2024-08-24,PARTIAL
INV-E448E32E,ORD-9BA585AE,2026-05-15,2185.67,415.28,2600.95,USD,2025-12-21,VOID
INV-6FC924D0,ORD-CEEC79D5,2025-11-28,3876.98,736.63,4613.61,USD,2025-11-06,PARTIAL
INV-0197106F,ORD-CDBFAA37,2026-02-21,815.14,154.88,970.02,EUR,2025-09-08,PARTIAL
INV-8A09EBC5,ORD-22A112B5,2026-03-18,2706.44,514.22,3220.66,MXN,2025-12-15,PARTIAL
INV-1042D611,ORD-21B5B893,2026-04-14,1429.79,271.66,1701.45,USD,2026-06-01,VOID
INV-2C09D7D9,ORD-029CFBDA,2025-10-18,4784.96,909.14,5694.1,MXN,2025-11-11,UNPAID
INV-D73E92FF,ORD-5F786318,2026-04-18,4259.91,809.38,5069.29,USD,2025-12-07,PARTIAL
INV-362CD88B,,2026-04-23,1710.55,325.0,2035.55,EUR,2025-11-10,PAID
INV-C7D32FBC,ORD-18906DB4,2025-11-22,2227.85,423.29,2651.14,EUR,2026-01-03,VOID
INV-BBED3411,ORD-E22A75CC,2026-05-19,3276.22,622.48,3898.7,MXN,2026-04-27,VOID
INV-D67BB24D,ORD-F4AE6F01,2025-09-04,3060.19,581.44,3641.63,USD,2025-07-18,PAID
INV-7DD63B51,ORD-0E4DF5F6,2026-04-19,1054.97,200.44,1255.41,EUR,2026-03-27,VOID
INV-7B0C65EF,ORD-212552FA,2026-05-22,1546.39,293.81,1840.2,MXN,2026-02-08,PARTIAL
INV-545C3A0D,ORD-437FDBD9,2026-03-18,3570.52,678.4,4248.92,EUR,2026-05-11,PAID
INV-84F7E3F9,ORD-2FC8E230,2026-04-14,4813.91,914.64,5728.55,USD,2026-03-20,VOID
INV-B328299E,ORD-FDBA93EB,2026-04-09,1834.44,348.54,2182.98,EUR,2026-05-14,VOID
INV-C89C6404,ORD-143E7FB7,2025-11-14,4044.12,768.38,4812.5,USD,2025-11-12,VOID
INV-4E277B3D,,2025-08-29,967.56,183.84,1151.3999999999999,EUR,2026-06-05,UNPAID
INV-41C70671,ORD-DEBFE7D3,2026-05-14,949.53,180.41,1129.94,COP,2026-05-19,UNPAID
INV-143807DE,,2026-01-25,2938.43,558.3,3496.7299999999996,EUR,2026-01-29,PARTIAL
INV-85E7EDDC,ORD-5B345EDE,2026-04-26,3446.98,654.93,4101.91,USD,2026-04-30,PARTIAL
INV-697D4C42,ORD-427FBC4B,2025-10-28,922.28,175.23,1097.51,COP,2026-05-20,PARTIAL
INV-EFFD5610,ORD-AD3C919F,2025-05-01,3231.94,614.07,3846.01,EUR,2025-08-10,UNPAID
INV-3DD54BF2,ORD-AE957E1C,2025-06-27,2251.31,427.75,2679.06,EUR,2026-06-08,VOID
INV-FCAC8DA5,ORD-A119CA40,2025-12-01,4559.58,866.32,5425.9,USD,2026-05-16,PARTIAL
INV-A74064F6,ORD-F2034FE7,2025-08-24,375.28,71.3,446.58,EUR,2025-01-09,VOID
INV-95499817,ORD-C35826A5,2026-05-22,2889.64,549.03,3438.67,EUR,2026-03-10,VOID
INV-A242113F,ORD-B58D4C97,2025-07-02,1032.37,196.15,1228.52,EUR,2025-12-14,UNPAID
INV-232BDF0D,ORD-2B42023A,2025-06-07,4306.04,818.15,5124.19,COP,2026-03-25,PAID
INV-9088EE65,ORD-79432F6F,2026-03-25,3036.78,576.99,3613.7700000000004,COP,2026-03-16,PAID
INV-D964F170,ORD-C3B5B2BD,2025-11-23,977.82,185.79,1163.6100000000001,EUR,2025-06-28,PAID
INV-30186D14,ORD-C11F2240,2026-01-13,848.86,161.28,1010.14,USD,2026-03-09,UNPAID
INV-5D864CB6,ORD-AA3DB493,2026-05-23,3368.25,639.97,4008.2200000000003,USD,2026-06-09,PARTIAL
INV-4E03D532,ORD-56689E24,2026-02-08,1916.28,364.09,2280.37,COP,2026-01-07,VOID
INV-3791A754,ORD-019DB91E,2026-01-07,3434.19,652.5,4086.69,COP,2025-08-17,UNPAID
INV-3048C863,ORD-125D5CCD,2025-12-23,3283.35,623.84,3907.19,EUR,2025-06-19,PARTIAL
INV-3C2A1C9E,ORD-D4031364,2025-11-12,2568.15,487.95,3056.1,MXN,2026-02-26,PARTIAL
INV-460E372B,ORD-C4349170,2026-05-19,2169.19,412.15,2581.34,COP,2026-04-01,PARTIAL
INV-7CE456BB,,2026-05-17,2869.4,545.19,3414.59,EUR,2026-05-14,UNPAID
INV-DADF3A15,ORD-04A624F3,2025-10-11,965.07,183.36,1148.43,COP,2026-05-21,VOID
INV-33C42500,ORD-16FD7C70,2024-11-03,4341.04,2170.52,6511.5599999999995,MXN,2026-04-25,PAID
INV-AD7C5479,ORD-910813B5,2025-12-03,2178.48,413.91,2592.39,COP,2026-03-27,UNPAID
INV-7D511B32,ORD-CC4282CD,2025-12-12,866.62,164.66,1031.28,EUR,2025-11-26,VOID
INV-5669E397,ORD-9258B0C0,2026-04-05,4211.27,800.14,5011.410000000001,EUR,2026-05-09,PAID
INV-68026646,ORD-F42D157F,2025-11-02,3168.33,601.98,3770.31,COP,2025-10-12,UNPAID
INV-20A64192,ORD-060556E8,2026-03-22,276.12,52.46,328.58,EUR,2026-01-15,PAID
INV-A4446030,ORD-01C363CD,2025-11-15,2837.05,539.04,3376.09,USD,2026-05-28,UNPAID
INV-BDA8A949,ORD-3388CF1B,2025-10-30,4620.62,877.92,5498.54,COP,2025-12-21,PARTIAL
INV-305E9F5B,ORD-B2F3BC00,2025-03-04,1686.6,320.45,2007.05,COP,2026-04-16,PAID
INV-38968E31,ORD-143E77C2,2025-06-01,2846.98,540.93,3387.91,COP,2024-10-28,PAID
INV-B262A22A,ORD-020978DC,2026-01-18,1069.15,203.14,1272.29,EUR,2025-04-19,PAID
INV-F0BEDF9A,ORD-9C99F2BC,2025-12-31,3122.79,593.33,3716.12,COP,2026-06-16,PAID
INV-AC481003,ORD-EC606353,2025-06-10,4863.25,924.02,5787.27,COP,2025-02-10,PAID
INV-646D826E,ORD-39F6549B,2025-10-10,4726.51,898.04,5624.55,MXN,2025-10-12,UNPAID
INV-25B900FE,ORD-AB441946,2026-02-01,3628.6,689.43,4318.03,EUR,2026-05-16,PAID
INV-E3A202FD,ORD-210BF60A,2026-04-26,4838.32,919.28,5757.599999999999,MXN,2025-04-19,UNPAID
INV-81DC81E0,ORD-3155DC87,2026-04-05,2420.7,459.93,2880.6299999999997,USD,2026-05-11,PARTIAL
INV-C027F798,ORD-910AF69D,2025-03-17,1938.43,368.3,2306.73,MXN,2024-07-31,PAID
INV-23F88146,ORD-0097D5F0,2025-10-23,2932.63,557.2,3489.83,USD,2026-03-21,VOID
INV-489FAA3A,ORD-B21D856B,2025-08-05,1342.4,255.06,1597.46,COP,2025-11-02,PAID
INV-A77B2089,ORD-4BEF82F1,2026-03-08,4676.02,888.44,5564.460000000001,EUR,2026-04-07,VOID
INV-60E81149,ORD-751FFC03,2025-06-25,3717.27,706.28,4423.55,EUR,2026-03-01,VOID
INV-4BF3A240,ORD-B5356BF3,2026-05-06,3967.78,753.88,4721.66,MXN,2026-05-27,PARTIAL
INV-FCF4DD11,ORD-702ADF3B,2026-05-06,4033.35,766.34,4799.69,USD,2026-06-04,PARTIAL
INV-91A23603,ORD-3A772B80,2026-02-04,235.82,44.81,280.63,MXN,2025-10-31,PARTIAL
INV-EDB9610A,ORD-0262BF90,2025-10-10,710.71,135.03,845.74,MXN,2026-01-23,UNPAID
INV-91C228FF,,2026-02-22,583.65,110.89,694.54,MXN,2026-01-13,PARTIAL
INV-F883DAC3,ORD-5D7DC0FD,2026-05-20,3476.68,660.57,4137.25,MXN,2026-05-02,PARTIAL
INV-D6D47054,ORD-3FC68E14,2026-05-05,2418.02,459.42,2877.44,EUR,2026-04-28,UNPAID
INV-48E4BBA1,ORD-3B17B288,2025-12-10,1092.52,207.58,1300.1,USD,2026-02-17,UNPAID
INV-387E6F2A,,2026-01-11,1123.08,1336.47,2459.55,MXN,2024-12-06,UNPAID
INV-4FB7BA31,ORD-0EF92E30,2026-04-11,3326.49,632.03,3958.5199999999995,COP,2026-01-31,UNPAID
INV-FD3F5CFE,ORD-B0E450CE,2026-01-25,4794.29,910.92,5705.21,USD,2026-06-02,PARTIAL
INV-6EB97E26,ORD-EE5ECCF7,2025-10-16,3404.31,646.82,4051.13,MXN,2025-10-30,PARTIAL
INV-FFAC340B,ORD-F0C3DC02,2025-10-05,2453.07,2919.15,5372.22,COP,2025-12-31,VOID
INV-27E469A3,ORD-E6184043,2025-02-13,3726.6,708.05,4434.65,EUR,2025-04-26,VOID
INV-D1D00F29,ORD-1A1E3904,2024-09-30,1625.78,308.9,1934.6799999999998,MXN,2026-06-04,PARTIAL
INV-BE4FAA6C,ORD-5C57EB93,2026-03-19,1286.38,244.41,1530.7900000000002,MXN,2026-05-19,PARTIAL
INV-2A48687C,ORD-E10ABC64,2026-02-03,1915.58,363.96,2279.54,EUR,2026-04-26,VOID
INV-E9C1263C,ORD-715C8F85,2026-05-06,4091.45,777.38,4868.83,COP,2026-04-05,UNPAID
INV-E1C8BB56,ORD-455DC614,2025-10-07,2520.52,478.9,2999.42,USD,2025-12-13,UNPAID
INV-AC067D97,ORD-A86E45C6,2025-11-21,3138.37,3734.66,6873.03,COP,2025-03-27,PARTIAL
INV-0BC4E069,ORD-28F6F012,2026-04-13,2289.14,434.94,2724.08,EUR,2026-06-19,PARTIAL
INV-DEBE25AA,ORD-EDCED19F,2026-03-04,1464.9,278.33,1743.23,EUR,2026-01-09,VOID
INV-FAD70112,ORD-0AF15CC2,2025-12-17,3130.99,594.89,3725.8799999999997,MXN,2025-06-19,PARTIAL
INV-EF65665F,ORD-28336002,2026-01-06,2890.79,549.25,3440.04,MXN,2025-10-17,PARTIAL
INV-163080BD,ORD-66C64E18,2025-04-24,4355.16,827.48,5182.639999999999,EUR,2025-06-09,PAID
INV-3C3EEF98,ORD-4E3B744F,2026-05-01,1347.61,256.05,1603.6599999999999,COP,2026-03-19,PAID
INV-229DC738,ORD-B701001E,2026-05-07,1127.67,214.26,1341.93,COP,2026-06-07,UNPAID
INV-A1B3036C,ORD-9C9A9D7D,2026-05-09,134.68,25.59,160.27,EUR,2025-10-08,PAID
INV-CCBF98F8,ORD-B3345E5B,2026-02-18,4691.42,891.37,5582.79,MXN,2026-04-06,PAID
INV-1972AEC9,ORD-E00C04A3,2025-09-03,1035.85,196.81,1232.6599999999999,COP,2025-07-10,UNPAID
INV-37838A61,ORD-8A0BB8E4,2025-12-21,358.82,68.18,427.0,COP,2025-06-24,PAID
INV-2EFFD199,ORD-878AB369,2026-03-31,279.75,53.15,332.9,USD,2026-05-09,VOID
INV-9AB9A4D4,ORD-C46E30A4,2025-08-19,4220.13,801.82,5021.95,EUR,2026-05-08,UNPAID
INV-93468A46,,2025-11-30,2532.93,481.26,3014.1899999999996,MXN,2024-10-29,PAID
INV-BFA98676,,2025-12-08,3193.25,606.72,3799.9700000000003,COP,2026-03-02,PARTIAL
INV-F063069C,ORD-0035C555,2026-05-11,1276.77,242.59,1519.36,MXN,2026-05-21,UNPAID
INV-C732B28E,ORD-AC4B7DBD,2025-12-02,1045.57,198.66,1244.23,COP,2025-11-07,PAID
INV-1D8243A1,ORD-B54FAE0B,2026-04-15,3020.43,573.88,3594.31,EUR,2026-06-23,PAID
INV-7B8DD10C,ORD-5EC7A8F6,2026-02-05,520.11,98.82,618.9300000000001,USD,2026-06-19,PAID
INV-FDC374F1,ORD-7793231F,2026-03-10,4075.43,774.33,4849.76,COP,2026-01-23,UNPAID
INV-2AF06F48,ORD-D2689AD4,2025-12-03,2512.52,477.38,2989.9,EUR,2026-04-10,PAID
INV-B2A92E73,ORD-DEB04C83,2025-03-14,4118.78,4901.35,9020.130000000001,USD,2025-06-04,PARTIAL
INV-0AFD87B8,ORD-E2F7DA51,2026-03-13,-3159.96,-600.39,-3760.35,EUR,2024-10-29,PAID
INV-BEBFB4C4,ORD-8251AFD9,2025-02-16,4260.51,809.5,5070.01,COP,2026-04-18,VOID
INV-7228BD1E,ORD-34CD510F,2025-10-20,1480.43,281.28,1761.71,EUR,2025-05-04,VOID
INV-6953C586,ORD-9ADC8FE3,2025-12-16,2691.84,511.45,3203.29,COP,2026-05-25,PAID
INV-DFEA8FA7,ORD-23B8F542,2026-05-04,635.42,120.73,756.15,COP,2026-05-06,VOID
INV-4C8281DB,ORD-4543646B,2025-07-17,3029.06,575.52,3604.58,USD,2026-02-28,PARTIAL
INV-030D8EEE,,2025-12-20,52.7,10.01,62.71,EUR,2025-11-16,PARTIAL
INV-51D9C0F4,ORD-C9CE362D,2025-02-20,-4334.19,-823.5,-5157.69,MXN,2025-06-26,PARTIAL
INV-C81B77A4,ORD-310B82D7,2026-03-22,1967.64,373.85,2341.4900000000002,USD,2026-02-26,VOID
INV-3A2B3540,ORD-A754251D,2026-05-23,2538.14,482.25,3020.39,USD,2025-11-01,VOID
INV-828B39AE,ORD-6D7F80CD,2025-06-07,4028.05,765.33,4793.38,USD,2025-07-31,PAID
INV-A4285CC0,ORD-9865F96F,2026-05-07,1513.35,287.54,1800.8899999999999,EUR,2026-05-13,UNPAID
INV-8C11989E,ORD-EAA2C166,2026-04-13,4775.73,907.39,5683.12,COP,2025-04-26,PARTIAL
INV-41703DF3,ORD-98EC5B6A,2025-04-19,3901.69,741.32,4643.01,EUR,2026-05-09,VOID
INV-5D2706BC,,2024-06-20,3852.19,731.92,4584.11,MXN,2025-01-13,VOID
INV-D4F8CB11,ORD-4DB70660,2025-09-23,195.53,37.15,232.68,MXN,2026-06-07,PAID
INV-8A6FD8D1,ORD-88CCF7AD,2025-05-23,1664.98,316.35,1981.33,MXN,2026-03-04,VOID
INV-31FB6B84,ORD-B3969A86,2026-04-09,1472.98,279.87,1752.85,EUR,2026-02-02,PARTIAL
INV-4ED2E679,ORD-EDE652F5,2026-03-11,3309.14,628.74,3937.88,MXN,2026-03-08,PAID
INV-198C63E5,ORD-53E39B1A,2026-05-24,4303.13,817.59,5120.72,USD,2026-06-04,PARTIAL
INV-B1F8CC4C,ORD-4EFAC302,2025-12-01,4585.37,871.22,5456.59,COP,2025-12-25,PAID
INV-18AFDA08,ORD-B3CBC1C4,2026-03-13,3957.88,752.0,4709.88,USD,2026-04-11,PAID
INV-7BB117BB,,2026-04-11,4511.44,857.17,5368.61,COP,2025-12-09,PAID
INV-4067B6E0,ORD-3D596F7B,2026-04-18,2135.36,405.72,2541.08,MXN,2026-03-14,UNPAID
INV-A838EBC6,,2025-04-11,2554.84,485.42,3040.26,MXN,2026-04-16,UNPAID
INV-8838B639,ORD-100637C7,2025-05-23,1461.94,730.97,2192.91,USD,2025-11-05,VOID
INV-FA7D0429,ORD-7B8DB32F,2026-03-12,4167.07,791.74,4958.8099999999995,COP,2026-02-05,UNPAID
INV-AF38E0B1,ORD-477AB887,2026-04-20,581.53,110.49,692.02,EUR,2026-03-11,PARTIAL
INV-6C76D0EF,ORD-EEA0E30E,2024-11-21,1925.55,2291.4,4216.95,USD,2025-09-16,PARTIAL
INV-AD6570DF,ORD-A10D0623,2026-03-04,725.93,137.93,863.8599999999999,COP,2026-04-10,UNPAID
INV-2180BEF6,ORD-0C586C0A,2026-02-15,2896.82,550.4,3447.2200000000003,COP,2026-01-28,VOID
INV-39CA99AE,ORD-0D24C21D,2026-02-13,675.77,128.4,804.17,MXN,2026-03-26,PAID
INV-31C64655,ORD-ED1D6D27,2025-05-19,4541.15,862.82,5403.969999999999,USD,2026-03-01,PAID
INV-41639896,ORD-577AE5A1,2026-05-04,3644.29,692.42,4336.71,USD,2026-06-21,UNPAID
INV-DE65E548,ORD-EA9B85EB,2025-10-09,4929.91,936.68,5866.59,EUR,2025-08-30,UNPAID
INV-1E0061DD,ORD-AC5FA726,2026-01-30,108.85,20.68,129.53,MXN,2026-05-01,PARTIAL
INV-13D6C9F7,ORD-DA532699,2025-08-19,445.11,84.57,529.6800000000001,EUR,2025-11-11,PARTIAL
INV-D01D91F7,ORD-22B8952E,2025-02-08,3600.04,684.01,4284.05,EUR,2025-10-25,PARTIAL
INV-81736635,ORD-34A4ED3C,2025-04-16,1749.09,332.33,2081.42,MXN,2025-08-22,UNPAID
INV-A4453ABA,,2026-04-10,3151.83,598.85,3750.68,MXN,2026-06-10,VOID
INV-71315C9C,ORD-DC5BB24F,2025-05-19,1494.9,284.03,1778.93,COP,2025-09-30,UNPAID
INV-A5285F17,ORD-60B1AAC5,2026-03-26,1748.42,332.2,2080.62,MXN,2026-01-25,UNPAID
INV-42D6D4E0,,2025-07-17,4471.84,849.65,5321.49,COP,2026-05-26,PAID
INV-919F3C71,ORD-305C5D6F,2025-11-07,1364.72,259.3,1624.02,EUR,2026-03-31,UNPAID
INV-530422B4,ORD-2262DAD8,2026-05-13,90.95,45.48,136.43,EUR,2026-06-24,PAID
INV-BE274090,ORD-744FEFF8,2026-02-25,2706.08,514.16,3220.24,MXN,2026-04-13,VOID
INV-D1667C65,ORD-E48BB336,2025-12-31,1223.79,232.52,1456.31,USD,2026-05-21,VOID
INV-B9B36884,ORD-F5B917B1,2025-07-16,1022.9,511.45,1534.35,MXN,2026-04-18,VOID
INV-10593A38,ORD-833D19FF,2026-03-25,3132.31,595.14,3727.45,MXN,2026-04-05,PAID
INV-59995B01,ORD-5B2955F1,2025-12-08,1201.59,0.0,1201.59,MXN,2025-06-02,UNPAID
INV-6A521390,ORD-9770D013,2026-02-02,378.11,71.84,449.95000000000005,MXN,2026-06-11,PAID
INV-8A87BA3E,ORD-F3BE0191,2025-10-09,3189.74,606.05,3795.79,EUR,2026-06-22,UNPAID
INV-641FD4A5,ORD-5F89A98C,2026-03-11,4334.47,823.55,5158.02,COP,2025-01-23,PARTIAL
INV-61774E24,ORD-36C7B748,2025-10-06,119.24,22.66,141.9,EUR,2026-02-27,VOID
INV-A5B78134,ORD-37119879,2024-08-15,1562.12,296.8,1858.9199999999998,EUR,2024-08-30,PARTIAL
INV-D799AA72,ORD-08FF7421,2025-05-28,3281.35,623.46,3904.81,MXN,2024-12-16,VOID
INV-84D152F0,ORD-68C5EDDC,2026-05-16,2099.82,398.97,2498.79,EUR,2026-06-15,PARTIAL
INV-369D7496,ORD-22F5B1A9,2026-04-04,3044.33,578.42,3622.75,MXN,2026-05-02,UNPAID
INV-781F6259,ORD-73939A80,2025-11-01,2334.32,443.52,2777.84,COP,2025-10-14,UNPAID
INV-A03025D8,ORD-135896AA,2025-10-10,1934.34,367.52,2301.8599999999997,COP,2025-12-28,UNPAID
INV-01231AB5,ORD-C6026414,2026-01-25,4031.11,765.91,4797.02,MXN,2026-03-15,UNPAID
INV-6F03BAD8,ORD-D59065FA,2025-11-19,877.56,166.74,1044.3,MXN,2026-03-22,PARTIAL
INV-6210AB22,ORD-4B0AF1E0,2026-03-26,4917.09,934.25,5851.34,USD,2026-02-12,VOID
INV-648E441C,ORD-E94F82D9,2025-08-02,-3257.33,-618.89,-3876.22,USD,2026-01-05,PAID
INV-2128EB08,ORD-E220134E,2025-05-24,1560.2,296.44,1856.64,EUR,2025-11-24,VOID
INV-DAC76B00,ORD-51D5D62B,2026-05-02,233.42,44.35,277.77,MXN,2026-05-29,PAID
INV-5257ACFC,ORD-CD65BE9A,2025-11-04,2052.79,390.03,2442.8199999999997,MXN,2025-09-16,UNPAID
INV-C38768B9,ORD-207CA173,2025-12-21,3966.26,753.59,4719.85,USD,2025-10-20,PAID
INV-C6003C28,ORD-6FEB3D46,2026-01-30,2478.94,471.0,2949.94,COP,2025-09-04,UNPAID
INV-5A454A59,ORD-1E054C8A,2025-12-22,1388.57,263.83,1652.3999999999999,COP,2026-01-26,PARTIAL
INV-D456D1C7,ORD-37C200E3,2024-12-24,1828.43,347.4,2175.83,EUR,2025-05-09,PAID
INV-DA233C03,ORD-97FF9642,2024-11-24,1493.87,283.84,1777.7099999999998,MXN,2025-07-06,UNPAID
INV-3582B335,ORD-D7B798EC,2026-05-18,2731.8,519.04,3250.84,COP,2026-05-16,PARTIAL
INV-395CAFAB,ORD-5468EDCC,2026-01-23,3327.66,632.26,3959.92,EUR,2025-10-07,PAID
INV-57AD564D,ORD-341583DF,2025-10-25,1335.88,253.82,1589.7,MXN,2025-02-28,UNPAID
INV-E391BB7F,ORD-4019175A,2025-06-03,2260.06,429.41,2689.47,COP,2026-03-26,PARTIAL
INV-DEE94590,ORD-E19896DA,2026-01-10,3594.76,683.0,4277.76,COP,2026-03-31,PARTIAL
INV-B9179626,ORD-98B1D51E,2026-04-23,803.43,152.65,956.0799999999999,USD,2026-04-13,PARTIAL
INV-3459A938,ORD-11ED5768,2025-08-27,1985.86,992.93,2978.79,MXN,2025-11-01,PAID
INV-24D823B3,ORD-28E6A63B,2026-05-08,4568.08,867.94,5436.02,USD,2026-06-01,PARTIAL
INV-B108FFFA,ORD-F34E9435,2025-07-19,481.59,91.5,573.0899999999999,USD,2025-03-11,PAID
INV-FE0CCFED,ORD-53CE202B,2025-05-29,4694.43,891.94,5586.370000000001,COP,2026-06-17,UNPAID
INV-8775C84A,ORD-43B66A27,2025-12-30,206.95,39.32,246.26999999999998,MXN,2025-07-22,VOID
INV-32FFDACB,ORD-B9312771,2026-03-05,1249.4,0.0,1249.4,EUR,2026-04-23,PAID
INV-6A5E7B6D,ORD-C59B7DE8,2026-04-14,2175.45,413.34,2588.79,USD,2026-06-22,VOID
INV-60A23628,ORD-75770452,2025-12-09,1623.36,308.44,1931.8,COP,2025-12-29,PARTIAL
INV-8117766E,ORD-EF58B690,2025-03-29,2571.47,488.58,3060.0499999999997,COP,2025-07-22,PARTIAL
INV-23C409E8,ORD-9403AD3D,2025-03-26,1502.59,285.49,1788.08,MXN,2024-11-30,PARTIAL
INV-BB490E51,ORD-90CCD1E5,2026-02-20,4876.09,926.46,5802.55,MXN,2025-07-30,UNPAID
INV-FBBFEE72,ORD-40B60C17,2025-08-29,796.54,151.34,947.88,USD,2026-06-16,PARTIAL
INV-60635B70,ORD-46C2F46E,2026-02-05,-3938.99,-748.41,-4687.4,MXN,2026-03-17,VOID
INV-FFC35D02,ORD-87FC7D1A,2024-11-24,3081.67,1540.84,4622.51,EUR,2026-03-02,PARTIAL
INV-FA8438AE,ORD-67B80731,2025-09-15,1422.28,270.23,1692.51,EUR,2025-07-27,UNPAID
INV-E0F5C703,ORD-5EFE70F7,2026-03-03,4965.17,943.38,5908.55,COP,2025-11-12,UNPAID
INV-D336AAE0,ORD-BE751767,2026-05-07,195.07,232.13,427.2,MXN,2026-05-01,UNPAID
INV-F53159CD,ORD-0D88FA93,2026-05-19,547.38,104.0,651.38,USD,2026-06-09,VOID
INV-8979AE2A,,2025-10-24,1048.14,199.15,1247.2900000000002,EUR,2026-06-20,PAID
INV-F5FB1202,ORD-798F5E3F,2026-02-19,-210.55,-40.0,-250.55,COP,2026-04-19,PAID
INV-46BB7FC7,,2025-09-28,2930.08,556.72,3486.8,MXN,2026-04-16,PARTIAL
INV-3CFE61BC,ORD-B4C77A96,2026-02-02,4793.11,910.69,5703.799999999999,USD,2024-08-23,PARTIAL
INV-FA716CAC,ORD-0E659EBA,2026-04-30,67.14,12.76,79.9,USD,2026-05-21,VOID
INV-0263CF5F,ORD-7850B7B1,2026-05-22,186.08,35.36,221.44,EUR,2026-06-01,VOID
INV-AF52B383,ORD-DD00A64C,2025-02-23,4195.63,797.17,4992.8,EUR,2025-06-14,PAID
INV-7D76B497,ORD-772C7498,2026-03-03,3385.0,643.15,4028.15,COP,2026-05-10,PARTIAL
INV-0721C240,,2026-03-01,3362.19,638.82,4001.01,COP,2026-05-18,PAID
INV-7ECB2144,ORD-61E6B719,2025-09-19,238.35,45.29,283.64,MXN,2026-03-09,VOID
INV-4C4E7E58,ORD-10F897AB,2025-04-14,148.62,0.0,148.62,MXN,2025-11-10,UNPAID
INV-599CE45D,ORD-BC5D618F,2025-06-24,4701.04,893.2,5594.24,EUR,2026-03-10,VOID
INV-EBED4765,ORD-0BE23972,2026-05-20,71.84,13.65,85.49000000000001,MXN,2026-05-19,UNPAID
INV-EBA10C2E,ORD-6CD27618,2025-09-02,-1140.93,-216.78,-1357.71,COP,2025-11-29,PAID
INV-77D5242D,,2025-07-03,1662.97,315.96,1978.93,USD,2025-09-30,VOID
INV-FC5B0257,ORD-51EF467B,2025-12-15,4051.5,769.78,4821.28,EUR,2025-09-07,PAID
INV-57756632,ORD-6F64CA2B,2026-03-10,-3685.04,-700.16,-4385.2,USD,2026-02-14,PAID
INV-558F8562,ORD-FEB24920,2025-12-23,1952.16,370.91,2323.07,MXN,2025-10-30,UNPAID
INV-5F898FF9,ORD-C6BCB0D0,2025-05-30,2459.05,467.22,2926.2700000000004,MXN,2025-06-16,UNPAID
INV-914839A9,ORD-62216EC6,2025-05-09,2541.11,482.81,3023.92,EUR,2025-12-17,PARTIAL
INV-7C700193,ORD-736C1A10,2025-09-01,2002.41,380.46,2382.87,USD,2025-09-01,VOID
INV-0EF6EA60,ORD-AEE5B68C,2025-05-12,-1290.82,-245.26,-1536.08,MXN,2025-08-20,PAID
INV-2E30B8BB,ORD-0D579EA0,2026-02-11,2668.62,507.04,3175.66,MXN,2026-03-30,PAID
INV-22573398,ORD-C7050C5B,2025-08-09,1207.09,229.35,1436.4399999999998,USD,2025-07-09,PAID
INV-9B1ECC2D,ORD-93E4D5F7,2025-05-03,4720.77,896.95,5617.72,USD,2026-04-06,VOID
INV-862FB417,ORD-BCE4D414,2025-07-13,-1323.99,-251.56,-1575.55,EUR,2025-07-15,VOID
INV-592A0EEB,ORD-28A625E1,2025-09-27,4415.09,838.87,5253.96,EUR,2025-07-08,PARTIAL
INV-2A8C2B0A,ORD-35C65A81,2026-05-01,3917.22,744.27,4661.49,MXN,2026-04-22,PAID
INV-090BB275,ORD-1A710BDF,2024-12-29,3545.52,1772.76,5318.28,MXN,2026-01-01,VOID
INV-8615330C,ORD-6C456D93,2025-01-06,2475.97,470.43,2946.3999999999996,MXN,2025-07-03,VOID
INV-3AB1534D,ORD-084A2EC4,2026-02-17,1377.61,261.75,1639.36,EUR,2026-04-07,PAID
INV-F720A35D,ORD-BF335ADA,2025-07-05,4289.57,815.02,5104.59,MXN,2026-06-13,PAID
INV-B849ACF1,ORD-8BDEB84A,2025-08-01,2017.73,383.37,2401.1,MXN,2025-06-22,VOID
INV-EB2168F1,ORD-666A7861,2026-05-06,3809.39,723.78,4533.17,MXN,2026-05-27,PAID
INV-C3198C13,ORD-69CBFC4E,2026-02-03,4709.74,894.85,5604.59,EUR,2026-04-08,PAID
INV-64ABA2D7,ORD-902DF7CF,2025-04-13,1158.19,220.06,1378.25,COP,2025-12-12,PARTIAL
INV-6A057569,ORD-65CF9236,2026-05-17,76.38,14.51,90.89,USD,2026-02-04,PARTIAL
INV-B7958814,ORD-DC7639E5,2024-11-19,3518.54,668.52,4187.0599999999995,MXN,2025-11-02,PARTIAL
INV-B04137D5,ORD-8D8F194C,2025-10-29,3247.11,0.0,3247.11,MXN,2026-04-11,UNPAID
INV-B0743F1B,ORD-00256416,2025-11-07,3757.15,713.86,4471.01,EUR,2026-02-22,VOID
INV-D40DA43D,ORD-C58AAC51,2025-12-30,4219.9,801.78,5021.679999999999,USD,2025-01-11,PARTIAL
INV-112AC680,ORD-39A4C71D,2024-12-13,1433.49,272.36,1705.85,EUR,2026-03-26,VOID
INV-28F40736,ORD-64E4ABC2,2026-05-13,1265.74,240.49,1506.23,USD,2026-05-19,UNPAID
INV-B689EC1A,ORD-A525E50B,2024-12-20,181.93,34.57,216.5,MXN,2025-01-19,VOID
INV-6663B1FD,ORD-9933A462,2026-01-24,4404.53,836.86,5241.389999999999,MXN,2025-09-17,PARTIAL
INV-FEC02849,ORD-4F19F810,2025-09-16,4836.56,918.95,5755.51,USD,2025-09-10,VOID
INV-B55BF7DF,ORD-17C8BC95,2026-05-03,1950.46,370.59,2321.05,USD,2026-03-01,PAID
INV-DB191A23,ORD-7B4B4A29,2025-06-21,945.02,179.55,1124.57,COP,2026-03-08,UNPAID
INV-51E10645,ORD-A12A8971,2026-04-22,1406.64,267.26,1673.9,EUR,2026-06-09,VOID
INV-8AD645C8,ORD-72D568D4,2026-03-22,752.24,142.93,895.1700000000001,USD,2026-03-21,PARTIAL
INV-E5112515,,2026-04-17,833.78,992.2,1825.98,USD,2026-03-06,PARTIAL
INV-300087DC,ORD-5AC8C08C,2024-09-11,574.18,109.09,683.27,COP,2024-11-05,PARTIAL
INV-CE9BE989,ORD-AA8B73EB,2026-01-31,740.89,140.77,881.66,COP,2026-02-16,PARTIAL
INV-1B27C7E1,ORD-BDC27E8F,2025-09-27,1341.6,254.9,1596.5,USD,2025-06-01,UNPAID
INV-23CD83AF,ORD-8EE58A98,2025-04-16,4409.11,837.73,5246.84,EUR,2026-04-22,UNPAID
INV-02EB8A41,ORD-8206BE0C,2026-01-16,2415.24,458.9,2874.14,MXN,2025-10-28,VOID
INV-29F4CFBA,ORD-BCB37DDD,2026-04-30,4623.69,878.5,5502.19,COP,2025-05-29,VOID
INV-E55447C1,ORD-5A487FD6,2026-01-22,-4354.4,-827.34,-5181.74,EUR,2026-02-12,PAID
INV-58F63590,ORD-2E26D622,2025-12-23,2784.73,529.1,3313.83,EUR,2026-05-14,VOID
INV-68753423,ORD-02EE09BF,2026-03-07,1403.96,266.75,1670.71,COP,2025-12-28,PARTIAL
INV-6478EB55,ORD-EB26CC82,2026-02-22,2244.75,426.5,2671.25,MXN,2026-04-23,PARTIAL
INV-7EC26DB7,ORD-04CDA7C6,2026-04-03,966.3,183.6,1149.8999999999999,USD,2025-12-27,PAID
INV-1FE003E1,ORD-226C8BCC,2024-10-24,1265.77,240.5,1506.27,EUR,2024-12-31,UNPAID
INV-6C23D304,ORD-F7102C89,2026-01-30,1149.85,218.47,1368.32,USD,2025-04-18,PARTIAL
INV-AFB9442E,ORD-BF94ABFA,2025-04-08,1635.84,310.81,1946.6499999999999,USD,2025-08-22,PAID
INV-1F453C1F,ORD-5A9EFEFC,2026-01-24,1985.07,377.16,2362.23,EUR,2025-09-02,VOID
INV-ABE8E840,ORD-25887022,2026-02-15,1393.32,264.73,1658.05,USD,2026-06-10,PAID
INV-647A1CB1,ORD-487A2D8B,2026-01-28,617.6,117.34,734.94,EUR,2026-04-27,UNPAID
INV-66E1ED47,ORD-49A7102D,2025-12-17,3591.31,682.35,4273.66,COP,2025-01-21,PAID
INV-87F815F6,ORD-6B93C06B,2026-04-02,3309.54,628.81,3938.35,EUR,2026-05-10,VOID
INV-0365D0CD,ORD-47068498,2026-03-29,3041.81,577.94,3619.75,COP,2026-03-13,PARTIAL
INV-1A8335CB,ORD-D5FD1CCE,2026-02-11,545.43,103.63,649.06,USD,2026-06-11,PAID
INV-03AFC024,ORD-4EC24FB4,2025-10-11,253.82,48.23,302.05,EUR,2025-03-09,PARTIAL
INV-9FF6860D,ORD-80406EA6,2026-04-22,1379.91,262.18,1642.0900000000001,COP,2026-04-20,UNPAID
INV-7299BB11,ORD-60E565B6,2026-04-18,4377.03,831.64,5208.67,MXN,2026-06-23,VOID
INV-D76F62D6,ORD-44270572,2025-11-20,2364.67,449.29,2813.96,COP,2025-08-26,PARTIAL
INV-F2F0D3B7,ORD-F1903205,2026-02-24,4378.26,831.87,5210.13,MXN,2024-12-15,UNPAID
INV-4969C421,ORD-691ACD19,2026-01-09,2165.34,411.41,2576.75,COP,2026-04-19,UNPAID
INV-C1981EA6,ORD-656C0188,2026-02-28,4537.32,862.09,5399.41,EUR,2025-12-24,VOID
INV-5926F91B,ORD-B28FA46C,2026-04-29,594.48,112.95,707.4300000000001,EUR,2025-12-17,PARTIAL
INV-D00DA1DF,ORD-E640BC25,2025-05-17,1848.54,351.22,2199.76,MXN,2025-04-20,PARTIAL
INV-124C3F25,ORD-A5054CAB,2025-12-10,2981.09,566.41,3547.5,COP,2026-06-19,UNPAID
INV-87D9BB93,ORD-2EDB7916,2026-05-20,3967.72,753.87,4721.59,MXN,2026-06-22,PARTIAL
INV-C09D62BE,ORD-830BED4F,2026-04-19,3229.75,613.65,3843.4,USD,2025-07-31,PAID
INV-1C5B0B3F,ORD-7881A492,2026-03-13,1680.98,319.39,2000.37,EUR,2026-04-10,PARTIAL
INV-52D95CCE,ORD-80F377C2,2026-01-28,887.34,168.59,1055.93,EUR,2026-05-31,PAID
INV-7A04166D,ORD-4D7CA758,2026-05-09,3206.52,609.24,3815.76,MXN,2026-03-13,PAID
INV-5AFE621D,ORD-C3545CD8,2025-06-19,1069.37,203.18,1272.55,USD,2025-04-01,PARTIAL
INV-FBAC52AB,ORD-9D9F2662,2026-02-18,2922.07,555.19,3477.26,COP,2024-10-28,VOID
INV-B50ACEBF,ORD-C5CA18E9,2026-01-18,2122.46,403.27,2525.73,MXN,2026-04-02,PAID
INV-C98F89A9,,2025-04-17,1547.31,293.99,1841.3,EUR,2026-04-10,PAID
INV-FE417EB2,ORD-706EB43A,2024-10-31,3014.13,572.68,3586.81,USD,2025-05-27,VOID
INV-9BC7F652,ORD-4726D174,2026-02-01,1394.19,264.9,1659.0900000000001,COP,2026-02-06,UNPAID
INV-0F7F0D86,ORD-1D2867A0,2025-04-26,1915.68,363.98,2279.66,USD,2025-10-05,VOID
INV-60776E15,ORD-2454A9F6,2026-03-28,1300.36,1547.43,2847.79,COP,2026-04-07,UNPAID
INV-5C0C7C79,ORD-080CCF78,2025-07-25,4405.19,836.99,5242.179999999999,USD,2026-03-28,VOID
INV-B8F39F1A,,2026-04-05,2667.03,0.0,2667.03,MXN,2026-04-27,UNPAID
INV-FED09551,ORD-8EB64F1D,2025-10-09,898.88,1069.67,1968.5500000000002,COP,2026-03-24,UNPAID
INV-ABF5C12C,ORD-EC3E9ADE,2025-09-09,2308.63,438.64,2747.27,USD,2025-06-08,VOID
INV-6AFFDCB0,ORD-40C9F77E,2026-01-11,4025.19,764.79,4789.98,COP,2025-04-26,UNPAID
INV-FE5B0A42,ORD-2481B50C,2025-05-21,3692.13,701.5,4393.63,MXN,2025-10-29,VOID
INV-921FCACA,ORD-75622DFF,2026-05-21,2948.56,560.23,3508.79,EUR,2025-05-19,PAID
INV-47D003AD,ORD-9C2BE697,2025-04-06,2055.09,390.47,2445.5600000000004,MXN,2026-03-16,UNPAID
INV-B27C2198,ORD-E4329C84,2025-10-11,1503.54,285.67,1789.21,MXN,2026-06-09,VOID
INV-BB7AEEF7,ORD-8864D32C,2026-01-22,3832.29,728.14,4560.43,MXN,2026-04-03,PARTIAL
INV-2A08221F,ORD-E61BC863,2025-09-23,4374.83,831.22,5206.05,COP,2026-05-16,UNPAID
INV-58DF3DF6,ORD-46C51D5A,2026-04-29,2871.28,545.54,3416.82,COP,2026-04-13,UNPAID
INV-4D81FAED,ORD-CE8A4293,2026-04-05,4805.61,913.07,5718.679999999999,MXN,2025-05-01,VOID
INV-716A569F,ORD-DAF63750,2026-03-12,2928.31,556.38,3484.69,EUR,2026-06-05,VOID
INV-CB339B05,ORD-69258881,2025-11-04,970.68,184.43,1155.11,USD,2026-01-10,UNPAID
INV-4ACBCB67,ORD-687E93FB,2026-05-02,409.72,77.85,487.57000000000005,USD,2025-02-10,VOID
INV-F172A96F,ORD-372046A8,2025-10-08,3699.32,702.87,4402.1900000000005,MXN,2025-05-05,UNPAID
INV-CA9AC89D,ORD-0329D92D,2025-11-28,2282.15,433.61,2715.76,MXN,2025-06-05,VOID
INV-3E7C7C21,ORD-07823BFB,2024-06-08,3017.48,573.32,3590.8,COP,2025-07-22,VOID
INV-26F9C85D,ORD-D70F34BB,2026-01-09,4895.5,2447.75,7343.25,COP,2025-08-22,UNPAID
INV-E2E30EEF,ORD-B281E8E6,2025-10-27,1949.53,370.41,2319.94,USD,2025-03-06,PAID
INV-DA6D8271,ORD-EEB78981,2026-01-14,954.12,181.28,1135.4,COP,2025-08-12,PAID
INV-697C04E3,ORD-3EFA2D4E,2025-10-29,-701.96,-133.37,-835.33,USD,2025-12-18,UNPAID
INV-D64B40B8,ORD-2726C2C3,2026-01-24,4685.41,890.23,5575.639999999999,MXN,2025-12-14,PAID
INV-29AFF7F5,ORD-C1F01055,2026-04-23,4953.37,941.14,5894.51,COP,2025-11-16,PAID
INV-095088B5,ORD-122BEB5E,2025-11-21,4174.96,793.24,4968.2,COP,2026-06-19,VOID
INV-DDC62B2A,,2025-07-21,989.89,188.08,1177.97,USD,2025-01-09,VOID
INV-A8FDC8EF,ORD-6A7DD940,2026-03-21,2492.24,473.53,2965.7699999999995,MXN,2026-04-23,PAID
INV-E6CA51F9,ORD-1382E9E6,2026-02-02,4430.03,841.71,5271.74,USD,2025-12-28,PAID
INV-EE0E2646,ORD-522A7F0E,2026-03-27,2745.81,521.7,3267.51,COP,2026-06-06,PAID
INV-3622333E,ORD-D4312053,2026-04-23,63.33,0.0,63.33,MXN,2026-04-10,PARTIAL
INV-13861312,ORD-EC518D97,2026-04-25,-1417.64,-269.35,-1686.9900000000002,USD,2026-04-19,PAID
INV-06236FCC,,2026-01-03,169.46,32.2,201.66000000000003,EUR,2026-04-17,PAID
INV-71CB2ED8,ORD-5683A36A,2024-09-30,111.62,21.21,132.83,COP,2025-08-09,UNPAID
INV-C392D719,ORD-6AE2D4FA,2024-10-19,1072.9,203.85,1276.75,MXN,2025-06-27,PARTIAL
INV-EB4ACE2E,ORD-C3182415,2026-04-21,4257.52,808.93,5066.450000000001,MXN,2026-03-27,UNPAID
INV-2E0E1A69,ORD-DD9B6AA4,2025-08-18,3628.28,689.37,4317.650000000001,COP,2025-12-10,PAID
INV-DC09E55E,ORD-56A827E6,2026-05-25,1923.93,365.55,2289.48,MXN,2025-11-10,PAID
INV-F8E16640,,2026-05-25,3307.79,628.48,3936.27,MXN,2026-06-04,VOID
INV-0E9A8EE6,ORD-F3B48009,2025-08-20,3023.07,574.38,3597.4500000000003,MXN,2025-04-17,UNPAID
INV-99CD0467,ORD-ADCD2655,2026-01-28,4794.97,911.04,5706.01,USD,2025-12-20,UNPAID
INV-99B0CE35,ORD-56C5FBB1,2026-01-26,1481.91,281.56,1763.47,USD,2025-12-13,UNPAID
INV-C239064B,ORD-53A3B749,2026-05-06,4989.12,947.93,5937.05,USD,2026-06-12,UNPAID
INV-95831EF9,ORD-4D1BE4B9,2025-08-05,117.37,22.3,139.67000000000002,USD,2024-09-29,PARTIAL
INV-692FE234,ORD-64B3F1A9,2025-11-06,2608.84,495.68,3104.52,EUR,2026-03-11,PARTIAL
INV-A61B0097,ORD-A41D3B6E,2024-08-28,91.4,17.37,108.77000000000001,USD,2025-03-07,PAID
INV-ABCB482F,ORD-97A53ED0,2025-07-14,-2959.45,-562.3,-3521.75,MXN,2025-07-19,PAID
INV-E94B4E51,ORD-2877E76A,2025-11-27,758.65,144.14,902.79,EUR,2026-02-12,PAID
INV-928802DB,ORD-2FC9CC19,2026-05-18,1865.01,0.0,1865.01,USD,2026-06-02,PAID
INV-0287DF88,ORD-7E3507DB,2026-04-09,4322.05,821.19,5143.24,MXN,2026-06-02,PARTIAL
INV-87AB47A5,ORD-8FA19D9F,2025-05-02,1164.39,221.23,1385.6200000000001,EUR,2025-11-17,VOID
INV-60DC3D2B,ORD-65EC4CF2,2026-05-17,1452.8,276.03,1728.83,USD,2026-06-22,VOID
INV-4ACC99EA,,2026-02-07,2491.95,473.47,2965.42,MXN,2026-01-21,PARTIAL
INV-6FB50DF6,,2026-04-07,1582.5,300.68,1883.18,USD,2026-03-14,UNPAID
INV-A009D2B0,ORD-7F3EB240,2026-02-14,1190.48,226.19,1416.67,USD,2026-02-27,UNPAID
INV-541FBB00,ORD-BB5F4CF5,2026-02-18,2857.48,542.92,3400.4,EUR,2026-02-23,UNPAID
INV-0D234A55,ORD-36FDA98D,2025-07-03,3730.79,708.85,4439.64,MXN,2026-03-01,VOID
INV-2643A4F5,,2025-08-07,1645.23,312.59,1957.82,MXN,2026-01-26,PAID
INV-D47886EA,ORD-06895BE0,2026-04-20,79.6,15.12,94.72,EUR,2026-01-20,UNPAID
INV-5DDFB848,ORD-7AA38B4E,2025-01-13,4259.03,5068.25,9327.279999999999,USD,2025-12-24,VOID
INV-999F5F7C,ORD-3D756DAF,2026-04-22,247.59,294.63,542.22,MXN,2026-05-22,UNPAID
INV-9E911519,ORD-EB1F4A1C,2026-02-08,2989.01,567.91,3556.92,MXN,2025-08-28,PARTIAL
INV-AC05B7A8,ORD-180B3063,2026-03-15,281.33,53.45,334.78,EUR,2025-08-10,VOID
INV-6AC13BD4,ORD-2367A2CC,2025-07-18,1178.37,1402.26,2580.63,EUR,2024-12-07,PARTIAL
INV-9330D983,ORD-7BB7ACD2,2025-09-13,2650.09,503.52,3153.61,MXN,2025-09-12,VOID
INV-056FC94B,ORD-64B26EA8,2026-02-13,4799.02,911.81,5710.83,MXN,2026-01-29,VOID
INV-0D1A07FD,ORD-E9E26867,2025-07-23,3803.92,722.74,4526.66,MXN,2026-01-06,PARTIAL
INV-50535287,ORD-F5C87D66,2025-04-17,4699.21,892.85,5592.06,USD,2025-10-02,UNPAID
INV-AF48BB77,,2025-06-15,189.97,226.06,416.03,USD,2026-01-26,VOID
INV-938019F0,ORD-04BC969A,2026-02-16,1522.68,289.31,1811.99,EUR,2026-01-11,VOID
INV-1E6416A3,ORD-009E9ED2,2026-02-02,2168.74,412.06,2580.7999999999997,COP,2026-04-18,PARTIAL
INV-EEDC02E9,ORD-FB6BAF69,2026-04-14,1263.3,240.03,1503.33,USD,2026-05-26,VOID
INV-D74CDBC6,ORD-9EC6CB21,2026-05-07,4573.78,869.02,5442.799999999999,COP,2026-06-07,UNPAID
INV-88B60F2E,ORD-DF552AC3,2025-11-04,4012.16,762.31,4774.469999999999,MXN,2026-05-17,UNPAID
INV-87A2D227,,2026-02-19,3510.11,666.92,4177.03,EUR,2026-05-09,PARTIAL
INV-317C2DBE,ORD-760A54E8,2026-02-15,4453.04,846.08,5299.12,EUR,2026-01-09,PARTIAL
INV-52243406,ORD-8BC90792,2025-12-14,4549.52,864.41,5413.93,MXN,2026-01-04,VOID
INV-41594F66,ORD-332E83C9,2026-02-14,2634.67,500.59,3135.26,MXN,2026-06-05,PAID
INV-BBF6D1D6,ORD-DEADDC99,2026-05-09,2364.32,449.22,2813.54,USD,2026-06-13,PARTIAL
INV-1F7F5FA4,ORD-6306AC41,2024-11-11,3449.16,655.34,4104.5,MXN,2025-07-01,PAID
INV-693F6DD8,ORD-92ED1507,2026-04-14,2005.11,380.97,2386.08,COP,2026-03-18,PARTIAL
INV-BE1DB367,ORD-BB822A13,2025-08-03,86.67,16.47,103.14,USD,2026-06-22,VOID
INV-5FF51E59,ORD-C236D295,2025-04-05,4637.61,881.15,5518.759999999999,MXN,2026-04-12,VOID
INV-E085BCA6,ORD-0D63BCAE,2025-07-25,902.13,171.4,1073.53,COP,2025-07-13,PARTIAL
INV-FA76BB7B,ORD-6A2B4C64,2026-04-28,4286.39,814.41,5100.8,USD,2026-06-09,UNPAID
INV-D6E9F838,ORD-83259434,2026-02-24,4464.28,848.21,5312.49,MXN,2025-09-29,UNPAID
INV-7EDD5CBF,ORD-0516D89D,2026-05-09,4111.88,781.26,4893.14,EUR,2026-05-29,UNPAID
INV-EDAABEE1,ORD-833FF31E,2025-11-04,1526.58,290.05,1816.6299999999999,MXN,2025-09-12,PAID
INV-68B4CC5F,ORD-51599534,2026-05-05,1844.76,350.5,2195.26,USD,2026-06-10,VOID
INV-1C49AC9B,ORD-F94344B1,2026-05-25,1919.32,364.67,2283.99,COP,2026-06-20,VOID
INV-DF93998B,ORD-DB4B04D1,2026-01-03,3104.11,589.78,3693.8900000000003,USD,2025-01-27,VOID
INV-4B4AC13A,,2026-02-23,3022.3,574.24,3596.54,COP,2026-04-19,PAID
INV-08DE887F,ORD-46C5AB95,2024-11-12,2624.0,498.56,3122.56,COP,2025-04-04,UNPAID
INV-518DA0CE,ORD-19419569,2026-04-01,2128.95,404.5,2533.45,COP,2026-06-24,PARTIAL
INV-4862F17D,ORD-EA2D97C8,2026-01-02,949.88,180.48,1130.36,COP,2026-02-04,UNPAID
INV-1B851443,ORD-06E7D333,2026-05-15,2395.1,455.07,2850.17,COP,2026-06-15,PARTIAL
INV-078E145A,,2026-01-21,2887.38,548.6,3435.98,USD,2026-04-28,VOID
INV-AC092CA2,ORD-94B77FA7,2025-02-12,4448.43,845.2,5293.63,COP,2026-03-19,VOID
INV-A7EE9407,ORD-D18C0AEC,2026-02-26,1604.1,304.78,1908.8799999999999,COP,2026-03-25,UNPAID
INV-DCC88AAC,ORD-0EDE357A,2025-11-16,378.23,71.86,450.09000000000003,USD,2026-01-22,UNPAID
INV-E9DA53BC,ORD-AF6C6716,2025-06-06,1066.55,202.64,1269.19,EUR,2025-12-22,PAID
INV-1DA16F4F,ORD-25906585,2025-10-04,283.02,53.77,336.78999999999996,EUR,2026-04-11,VOID
INV-62857F63,ORD-A94E6D31,2025-06-01,4531.18,860.92,5392.1,EUR,2025-06-30,PARTIAL
INV-02D9B4E6,ORD-69EC8C8E,2026-05-25,268.98,51.11,320.09000000000003,MXN,2026-03-31,PARTIAL
INV-093F05CD,ORD-19FFEC0D,2026-03-11,2258.15,429.05,2687.2000000000003,USD,2026-03-22,PARTIAL
INV-AC7307BF,ORD-AD1624E1,2026-04-27,3179.02,604.01,3783.0299999999997,USD,2026-06-08,VOID
INV-98C17152,ORD-461AEEA8,2025-11-26,3108.44,590.6,3699.04,EUR,2026-01-30,PARTIAL
INV-5888DEE6,ORD-4FB581B3,2024-08-22,4910.19,932.94,5843.129999999999,MXN,2024-09-10,VOID
INV-7980D363,ORD-0C99A75B,2026-03-15,4684.23,890.0,5574.23,MXN,2025-03-20,PARTIAL
INV-32A8A01C,ORD-BE602590,2024-12-26,1998.04,379.63,2377.67,MXN,2026-03-20,PARTIAL
INV-6C50F6D7,ORD-CDE66117,2026-04-05,4374.87,831.23,5206.1,USD,2026-01-04,PARTIAL
INV-13B2AD0F,ORD-065557AA,2026-04-13,1353.85,257.23,1611.08,COP,2026-06-19,VOID
INV-D8CB58DF,ORD-9CF7CA7D,2025-12-15,4081.3,775.45,4856.75,EUR,2025-05-31,VOID
INV-450FC02E,ORD-73F833D3,2026-02-13,4349.59,826.42,5176.01,EUR,2025-11-18,VOID
INV-D70EE61C,ORD-BE37D0E3,2025-09-10,1205.93,229.13,1435.06,COP,2026-04-12,PARTIAL
INV-AA80B2FF,ORD-FEF540CA,2026-04-25,1873.03,355.88,2228.91,MXN,2026-06-03,PAID
INV-03A2F0FD,ORD-7123DC83,2025-06-10,4662.86,885.94,5548.799999999999,USD,2024-06-09,PAID
INV-8BE7D1C7,ORD-D5897D69,2026-04-19,3338.8,634.37,3973.17,EUR,2026-04-15,UNPAID
INV-BDB7189B,ORD-B80E2079,2026-02-23,1474.62,280.18,1754.8,USD,2026-05-18,PAID
INV-84A99F0F,ORD-73D1CA2B,2026-02-04,976.46,185.53,1161.99,USD,2026-01-30,PAID
INV-11886095,ORD-EA4F2CB7,2025-01-09,435.9,82.82,518.72,COP,2026-01-01,PARTIAL
INV-2927C870,ORD-44C73898,2026-05-01,4199.52,797.91,4997.43,USD,2026-05-18,VOID
INV-8176E002,ORD-5BAB5AEC,2025-09-20,4861.15,923.62,5784.7699999999995,COP,2026-03-25,PARTIAL
INV-0D33FD06,ORD-D072D994,2025-10-01,3090.63,587.22,3677.8500000000004,EUR,2026-03-27,PARTIAL
INV-D8E46619,ORD-4DD5EC39,2026-02-24,1095.88,208.22,1304.1000000000001,USD,2026-02-06,UNPAID
INV-6EC7C0EE,ORD-3F0FAC32,2025-10-02,4054.57,0.0,4054.57,EUR,2026-06-12,PARTIAL
INV-6407BDA9,ORD-61A2EB14,2026-04-05,2943.55,559.27,3502.82,COP,2026-06-08,PAID
INV-D96FF642,ORD-CFD83503,2024-09-07,2455.54,466.55,2922.09,EUR,2025-01-10,VOID
INV-8742CF97,ORD-F90999A5,2025-05-21,4845.29,920.61,5765.9,MXN,2026-04-07,PARTIAL
INV-78C58171,ORD-4CFA0607,2026-05-24,943.81,179.32,1123.1299999999999,MXN,2026-06-22,VOID
INV-AB646F50,ORD-86A6D4BA,2026-04-08,509.34,96.77,606.11,EUR,2025-10-23,PARTIAL
INV-BEF15D55,ORD-3E6D9F97,2025-04-17,3456.61,656.76,4113.37,MXN,2025-08-31,UNPAID
INV-38209F56,ORD-0F4D626E,2025-04-05,306.25,58.19,364.44,EUR,2025-10-15,PARTIAL
INV-5A55B4AD,ORD-3A95416F,2025-11-26,2932.37,557.15,3489.52,EUR,2026-05-23,PAID
INV-2D82FC21,ORD-A46EBE69,2025-10-29,687.93,818.64,1506.57,COP,2026-05-25,VOID
INV-3C67A2A0,ORD-1888D0B8,2025-02-03,4581.79,870.54,5452.33,USD,2025-03-27,PARTIAL
INV-BD51D576,ORD-96BD2185,2026-01-21,231.51,43.99,275.5,EUR,2026-03-31,PARTIAL
INV-D239927F,ORD-22BC266B,2026-04-28,1286.75,244.48,1531.23,USD,2026-06-18,UNPAID
INV-225B0556,ORD-2D14F0BE,2026-03-13,1198.93,227.8,1426.73,COP,2024-07-10,VOID
INV-DE178E5E,ORD-2E791BBB,2026-04-25,2900.59,551.11,3451.7000000000003,USD,2025-07-27,VOID
INV-C6E5DE42,ORD-4886E36F,2025-07-20,3008.64,571.64,3580.2799999999997,EUR,2025-05-13,PAID
INV-07D8BA72,ORD-9555FBA1,2026-05-16,1006.97,191.32,1198.29,EUR,2026-05-02,UNPAID
INV-A9B90A4E,ORD-A97060ED,2026-03-08,2394.09,454.88,2848.9700000000003,MXN,2026-06-13,PAID
INV-41CB3F4F,ORD-2D74CF85,2026-05-24,1813.25,344.52,2157.77,USD,2026-06-13,UNPAID
INV-4B972BC7,ORD-C862B70C,2026-05-20,4584.81,871.11,5455.92,MXN,2026-05-28,PARTIAL
INV-0491670D,ORD-FE0FD9EC,2026-05-18,3504.95,665.94,4170.889999999999,MXN,2026-05-31,VOID
INV-303A47DD,ORD-7E6D39B8,2026-05-18,1052.61,200.0,1252.61,MXN,2026-06-03,PARTIAL
INV-7E171093,,2025-05-31,1261.97,239.77,1501.74,USD,2026-01-10,VOID
INV-2A33F86C,ORD-B62A0255,2026-05-22,3087.05,586.54,3673.59,EUR,2025-10-12,PARTIAL
INV-4F1B66AB,ORD-C8A41FF0,2025-06-26,633.23,120.31,753.54,COP,2024-11-05,VOID
INV-7D3B502F,ORD-75C32E98,2025-08-10,2057.02,390.83,2447.85,USD,2025-08-02,PARTIAL
INV-764D95ED,ORD-AC1796A6,2025-02-03,2857.43,542.91,3400.3399999999997,EUR,2025-11-05,UNPAID
INV-C0B893A2,ORD-599354C6,2026-03-04,599.14,113.84,712.98,COP,2026-06-02,UNPAID
INV-A52CBF13,ORD-C2EC5471,2026-03-22,1272.15,241.71,1513.8600000000001,MXN,2025-12-28,PARTIAL
INV-7965396A,ORD-B0FCA9D9,2025-10-18,546.93,103.92,650.8499999999999,COP,2025-05-17,VOID
INV-FE60C636,ORD-1755028B,2025-12-20,1121.73,213.13,1334.8600000000001,EUR,2025-07-28,VOID
INV-92FE32E5,ORD-BF7C4122,2026-05-08,4632.86,880.24,5513.099999999999,MXN,2026-06-09,PARTIAL
INV-8F6E3160,ORD-0FB6D2B3,2025-12-28,4982.25,946.63,5928.88,USD,2026-02-02,UNPAID
INV-9E67E453,ORD-1950555F,2026-03-10,2740.55,520.7,3261.25,COP,2026-03-10,VOID
INV-EA4F4430,ORD-ED1CF073,2026-05-01,719.4,136.69,856.0899999999999,COP,2026-03-28,PARTIAL
INV-7E53B386,ORD-8E3EC6EE,2026-04-09,-3361.58,-638.7,-4000.2799999999997,EUR,2026-04-10,VOID
INV-0B431701,ORD-DC352B5A,2025-11-18,2408.36,457.59,2865.9500000000003,MXN,2026-01-16,PAID
INV-D126BB21,ORD-FC623364,2025-08-30,3203.9,608.74,3812.6400000000003,USD,2025-09-15,PAID
INV-960F765D,ORD-3CCABDE2,2025-03-09,638.9,121.39,760.29,MXN,2025-01-17,PAID
INV-C8D525FE,ORD-110182D1,2026-01-03,3004.22,570.8,3575.0199999999995,USD,2026-03-26,PAID
INV-E674386A,ORD-E4B7405A,2024-11-19,1649.72,313.45,1963.17,COP,2024-11-05,UNPAID
INV-B1383D33,ORD-388D46C3,2026-05-20,3042.32,578.04,3620.36,EUR,2026-05-29,PARTIAL
INV-32C8B2B1,ORD-F0678D81,2026-04-19,3161.91,600.76,3762.67,USD,2026-06-11,PARTIAL
INV-54F6929B,ORD-72C0D42D,2025-09-19,2549.09,484.33,3033.42,EUR,2026-03-14,PARTIAL
INV-6E98D307,ORD-424D3469,2025-09-25,709.68,134.84,844.52,COP,2026-01-19,VOID
INV-D21EAF8A,ORD-1C79AC85,2026-02-12,460.87,87.57,548.44,USD,2026-05-26,PARTIAL
INV-11D13C8A,ORD-B34F9F51,2025-06-06,4807.04,913.34,5720.38,USD,2026-03-04,VOID
INV-13340029,,2025-11-09,4903.3,931.63,5834.93,COP,2025-12-30,UNPAID
INV-FDC4D264,ORD-1C7F8315,2025-08-26,88.15,16.75,104.9,COP,2024-09-13,PARTIAL
INV-9AAFFA70,ORD-893A9348,2026-01-20,783.01,148.77,931.78,EUR,2026-03-23,PARTIAL
INV-1710F3F0,ORD-179EF857,2025-05-11,3049.68,579.44,3629.12,MXN,2025-12-24,UNPAID
INV-A80C07B5,ORD-58D6E90D,2026-04-09,4455.04,846.46,5301.5,COP,2026-04-26,PAID
INV-FD29F979,ORD-87D63A5B,2026-04-10,4721.21,897.03,5618.24,COP,2026-02-04,UNPAID
INV-7D57C09D,ORD-9F3F4D91,2025-04-07,135.11,25.67,160.78000000000003,USD,2026-01-26,VOID
INV-7FCCD32C,ORD-C2CDA60A,2026-03-30,1697.94,322.61,2020.5500000000002,EUR,2026-05-25,PARTIAL
INV-F08A9F63,ORD-D2EB985F,2025-10-06,2946.65,559.86,3506.51,COP,2026-03-27,PAID
INV-A800B543,ORD-8D73E3F8,2025-08-04,2042.36,388.05,2430.41,USD,2026-05-20,PAID
INV-70FF6AE5,ORD-2FC336B1,2025-10-30,1565.0,297.35,1862.35,EUR,2026-03-14,PARTIAL
INV-104A4141,ORD-9B94A510,2026-04-01,291.75,55.43,347.18,MXN,2026-05-27,VOID
INV-A6E5E885,,2026-02-06,289.93,55.09,345.02,EUR,2026-02-17,PAID
INV-424C4C8F,ORD-6B12BD63,2025-10-05,1625.82,308.91,1934.73,USD,2026-02-09,PAID
INV-C3E0B99B,ORD-4D2DE4CB,2026-04-07,1239.92,235.58,1475.5,MXN,2026-03-21,VOID
INV-6A65CEF4,ORD-F13A5D89,2026-03-27,673.79,128.02,801.81,USD,2026-03-13,UNPAID
INV-647F45AD,ORD-2C92F14D,2026-03-18,1444.85,274.52,1719.37,EUR,2026-04-05,PAID
INV-796563C6,ORD-EBEF7531,2026-01-19,4658.04,885.03,5543.07,MXN,2026-02-06,VOID
INV-B42C7138,ORD-E7A25A16,2026-04-16,4562.66,866.91,5429.57,USD,2026-06-21,VOID
INV-B206AAB0,ORD-06C4F4A2,2026-02-25,1512.68,1800.09,3312.77,EUR,2025-04-24,UNPAID
INV-6BB2807A,ORD-61E839C5,2025-08-14,1827.95,347.31,2175.26,COP,2025-08-29,VOID
INV-156648AB,ORD-0B8A93B1,2026-01-15,3912.16,743.31,4655.469999999999,USD,2026-02-27,PAID
INV-1028EA56,ORD-15B25915,2026-03-06,1097.65,208.55,1306.2,USD,2025-11-30,VOID
INV-28111AC2,,2024-12-08,1463.99,278.16,1742.15,USD,2025-12-03,PARTIAL
INV-AB0DE746,ORD-48ECD5E0,2025-02-03,2370.18,450.33,2820.5099999999998,COP,2026-06-18,VOID
INV-DEA93051,ORD-B624C283,2026-01-25,3366.9,639.71,4006.61,EUR,2025-12-31,UNPAID
INV-9CCA977C,ORD-0F53E8C5,2025-07-19,321.97,61.17,383.14000000000004,COP,2025-05-15,UNPAID
INV-7C033B29,ORD-A113384E,2026-05-18,3149.01,598.31,3747.32,USD,2026-03-23,PARTIAL
INV-5C24C791,ORD-95F5442F,2025-04-01,798.28,151.67,949.9499999999999,EUR,2025-07-06,UNPAID
INV-F7040252,ORD-493BAFC4,2026-02-15,1869.79,355.26,2225.05,COP,2026-04-21,PARTIAL
INV-7AED472C,ORD-E88859DD,2025-05-13,4697.85,892.59,5590.4400000000005,MXN,2026-01-24,PARTIAL
INV-A687D7C8,ORD-D9F91100,2025-03-03,1335.28,253.7,1588.98,EUR,2025-11-09,PAID
INV-7C8A12F5,ORD-33A2F7B9,2026-03-27,2700.09,3213.11,5913.200000000001,USD,2026-05-21,PARTIAL
INV-8809367E,ORD-23B3B81B,2026-01-13,4417.8,839.38,5257.18,EUR,2025-12-09,VOID
INV-637F5A8A,ORD-2F19E912,2026-02-16,4028.95,765.5,4794.45,USD,2025-07-22,UNPAID
INV-92F69D0D,,2026-05-09,2464.87,468.33,2933.2,MXN,2026-05-11,VOID
INV-6E2EF8D7,ORD-B549D451,2026-04-18,840.73,159.74,1000.47,MXN,2025-05-11,PAID
INV-7C23EE89,ORD-F87F7210,2025-10-12,-733.54,-139.37,-872.91,EUR,2026-01-19,VOID
INV-99AC5F8C,ORD-70DB85F9,2025-10-22,4726.06,897.95,5624.01,MXN,2025-11-09,PAID
INV-7A6B6010,ORD-C8573376,2026-04-21,411.1,78.11,489.21000000000004,COP,2026-03-16,VOID
INV-7C9FB615,ORD-B087E0E9,2026-04-29,1498.9,284.79,1783.69,COP,2026-06-23,VOID
INV-1D66E8A0,ORD-4AE8285C,2025-12-19,1057.88,201.0,1258.88,COP,2025-05-30,PARTIAL
INV-3479F386,,2026-03-03,3669.13,697.13,4366.26,MXN,2026-03-29,PARTIAL
INV-A792841A,ORD-DEA3352B,2026-04-13,1378.69,261.95,1640.64,COP,2025-12-07,UNPAID
INV-432F8D68,ORD-2A983F49,2026-04-22,3394.69,644.99,4039.6800000000003,EUR,2026-06-09,VOID
INV-7A98AAAD,ORD-1D1D0EAA,2026-03-13,4590.27,872.15,5462.42,USD,2026-04-19,PARTIAL
INV-81F15C80,ORD-D32AB0F6,2025-11-22,513.23,97.51,610.74,USD,2026-01-21,PARTIAL
INV-D525B14A,ORD-A54E5073,2025-08-23,995.11,189.07,1184.18,MXN,2025-05-18,VOID
INV-20781F1F,ORD-EC139F07,2026-01-28,297.2,56.47,353.66999999999996,COP,2026-03-30,PAID
INV-51D725AF,ORD-175991EA,2026-05-06,2460.94,467.58,2928.52,USD,2026-06-09,VOID
INV-5290A6D2,ORD-8F0A89A5,2026-03-16,3302.44,627.46,3929.9,USD,2025-09-28,UNPAID
INV-DC173194,ORD-CC80543A,2026-01-25,578.18,109.85,688.03,USD,2026-05-06,PAID
INV-0E29C12E,ORD-07308155,2026-02-05,375.08,71.27,446.34999999999997,MXN,2026-02-22,PARTIAL
INV-B6B3C921,ORD-709240BC,2026-01-09,3235.94,614.83,3850.77,COP,2026-06-11,PARTIAL
INV-92009A78,ORD-82599C87,2025-05-21,4937.57,938.14,5875.71,EUR,2026-02-23,UNPAID
INV-8F6559E4,ORD-D095E5BB,2026-04-08,2167.4,411.81,2579.21,MXN,2026-05-10,VOID
INV-FBF69CB0,ORD-2A23A71C,2025-04-17,394.68,74.99,469.67,USD,2026-04-07,VOID
INV-94BF5286,ORD-F0FE1354,2026-05-03,1230.84,233.86,1464.6999999999998,COP,2026-05-11,UNPAID
INV-7FE06FE9,ORD-2ABB1647,2026-05-13,3839.35,729.48,4568.83,MXN,2026-06-24,PARTIAL
INV-A4808949,ORD-0234EDDF,2025-08-10,4611.63,876.21,5487.84,MXN,2026-06-23,PAID
INV-F917A8B2,ORD-FC46D1B7,2026-02-09,3310.3,628.96,3939.26,COP,2026-06-12,PAID
INV-2E955825,ORD-6713250D,2026-04-03,1855.58,352.56,2208.14,COP,2026-01-06,PARTIAL
INV-3CD3788C,ORD-499E52B5,2025-12-17,3630.98,689.89,4320.87,MXN,2026-04-13,PAID
INV-712BF082,ORD-ACA9AF9E,2025-07-21,4684.04,889.97,5574.01,COP,2025-12-05,VOID
INV-971E940C,ORD-0CD14FC1,2026-04-18,1841.14,349.82,2190.96,COP,2026-05-24,VOID
INV-01D4511D,ORD-11B9E56C,2025-10-15,4726.19,897.98,5624.17,EUR,2026-02-09,UNPAID
INV-6452650F,ORD-357CC20C,2025-12-16,211.85,40.25,252.1,COP,2026-03-15,UNPAID
INV-08823553,ORD-8019CCE7,2026-04-07,4596.64,873.36,5470.0,EUR,2026-04-23,PAID
INV-72CC9729,ORD-3D74E8CC,2026-02-02,4925.51,935.85,5861.360000000001,COP,2026-05-18,PAID
INV-07312459,ORD-6C5C3FFE,2026-03-06,4751.06,902.7,5653.76,USD,2025-05-16,PARTIAL
INV-27D4E39B,ORD-B87984BE,2025-07-03,1356.15,257.67,1613.8200000000002,USD,2026-06-16,UNPAID
INV-00A54E3E,ORD-05529111,2026-04-13,220.19,41.84,262.03,COP,2025-11-29,UNPAID
INV-373B723C,ORD-8F39F8F3,2025-12-10,-1916.1,-364.06,-2280.16,EUR,2026-03-27,UNPAID
INV-EDCA1574,ORD-E10D3CFD,2025-10-10,616.98,117.23,734.21,USD,2026-01-14,UNPAID
INV-EF2EC509,ORD-C33B88B0,2026-03-13,4232.83,804.24,5037.07,COP,2026-04-06,PARTIAL
INV-00C4F5D9,ORD-16A946ED,2025-05-13,1349.43,256.39,1605.8200000000002,COP,2026-01-27,VOID
INV-2DC829E0,ORD-E4E5AB2A,2025-12-27,4921.5,935.09,5856.59,COP,2026-05-11,PAID
INV-26B83B54,ORD-FF741B09,2024-12-15,4561.23,866.63,5427.86,COP,2025-06-30,PARTIAL
INV-1D385F3B,ORD-BA7D3996,2024-08-18,2070.55,393.4,2463.9500000000003,USD,2025-02-20,PARTIAL
INV-947148E2,ORD-201162AF,2025-11-18,536.55,268.27,804.8199999999999,USD,2026-01-09,PAID
INV-1D5526AF,ORD-BA8CB85A,2025-10-06,2653.52,504.17,3157.69,USD,2026-03-13,VOID
INV-70C15F8E,ORD-2B441D12,2025-11-06,2015.56,382.96,2398.52,MXN,2025-05-18,PAID
INV-A406522F,ORD-52CE32E8,2025-10-22,1247.1,623.55,1870.6499999999999,MXN,2025-04-09,VOID
INV-A69BFB90,ORD-06624E64,2025-11-03,1647.44,313.01,1960.45,COP,2026-02-03,PARTIAL
INV-B22DD541,ORD-B5E8BBD4,2026-05-19,2684.4,510.04,3194.44,USD,2026-05-30,PAID
INV-4DED3F77,ORD-26618449,2025-07-22,-2968.77,-564.07,-3532.84,EUR,2026-02-27,PAID
INV-108B0830,ORD-F812F394,2025-12-21,3146.54,597.84,3744.38,MXN,2026-01-06,UNPAID
INV-A173BA1A,ORD-A24D084D,2026-04-01,4262.36,809.85,5072.21,EUR,2025-11-28,UNPAID
INV-9779809C,ORD-F1F8049A,2026-05-11,3523.66,0.0,3523.66,EUR,2026-05-03,PAID
INV-DE26D406,ORD-4E196E19,2026-02-08,3920.38,744.87,4665.25,COP,2026-03-21,VOID
INV-029F745D,ORD-5CA4A098,2026-03-06,3615.79,687.0,4302.79,MXN,2025-12-26,VOID
INV-7F70E52D,ORD-8C897FE4,2026-05-22,3636.54,4327.48,7964.0199999999995,EUR,2026-06-22,PAID
INV-390E8D14,ORD-64425305,2026-05-12,4280.65,813.32,5093.969999999999,COP,2026-02-25,PARTIAL
INV-5D65C98B,ORD-EC9FB045,2025-06-19,4066.45,772.63,4839.08,USD,2025-10-26,PARTIAL
INV-706EE9A0,ORD-A829C2AE,2026-02-18,3269.7,621.24,3890.9399999999996,EUR,2026-02-13,PARTIAL
INV-65089414,ORD-8831EAB3,2025-03-09,344.89,65.53,410.41999999999996,EUR,2026-04-10,PARTIAL
INV-09810288,ORD-FE2895AD,2025-10-26,4630.61,879.82,5510.429999999999,USD,2025-12-20,VOID
INV-C2296D73,ORD-2F5B98E8,2026-05-06,3198.33,607.68,3806.0099999999998,MXN,2026-05-25,VOID
INV-151DCDB3,ORD-C59349D1,2025-12-06,4429.36,2214.68,6644.039999999999,COP,2026-05-31,PARTIAL
INV-43D114F4,ORD-B991F5EA,2026-04-05,4170.56,792.41,4962.97,MXN,2026-03-28,UNPAID
INV-800EC4C8,ORD-5BA3E762,2025-12-21,2901.72,551.33,3453.0499999999997,USD,2025-01-03,VOID
INV-AC54AF27,ORD-4AE4ECA0,2026-03-09,2666.22,506.58,3172.7999999999997,USD,2026-03-13,PAID
INV-0B66C0DE,ORD-3B6E33F7,2025-05-21,4001.02,760.19,4761.21,EUR,2025-10-08,VOID
INV-313CB853,ORD-B2D35CB1,2025-04-26,1819.52,345.71,2165.23,EUR,2025-08-29,PARTIAL
INV-AB8CD00E,ORD-400BC861,2025-09-05,4233.75,804.41,5038.16,EUR,2026-02-03,VOID
INV-D8489D22,ORD-BF461CBE,2026-01-01,1904.03,361.77,2265.8,EUR,2025-03-14,UNPAID
INV-27A8FFCF,ORD-F9C7EC6E,2026-02-07,2150.36,408.57,2558.9300000000003,EUR,2026-02-20,PAID
INV-27060974,ORD-D50EDD86,2026-03-16,4667.9,886.9,5554.799999999999,USD,2025-07-06,PARTIAL
INV-D7ABD797,ORD-08510276,2025-10-28,2207.34,419.39,2626.73,USD,2026-04-05,PARTIAL
INV-01B2634A,ORD-C912280E,2026-01-17,1863.03,353.98,2217.01,MXN,2026-06-02,PAID
INV-642BAFB0,ORD-36B06BA7,2026-03-01,3922.18,745.21,4667.389999999999,COP,2026-03-23,UNPAID
INV-BBB9C175,,2026-03-26,462.74,87.92,550.66,USD,2025-10-05,VOID
INV-2018863D,ORD-75E3F1D0,2025-10-10,4504.47,855.85,5360.320000000001,MXN,2026-05-18,VOID
INV-81B12160,ORD-A4BA67D7,2026-02-08,2846.16,540.77,3386.93,USD,2026-04-09,PARTIAL
INV-4B522D57,ORD-4F47188B,2026-02-04,2797.01,531.43,3328.44,COP,2025-10-17,PARTIAL
INV-6AC5DC43,ORD-0C2A89D8,2025-08-26,2290.32,435.16,2725.48,USD,2025-12-02,VOID
INV-673DC440,ORD-B60301AA,2026-01-26,2323.23,441.41,2764.64,EUR,2026-01-03,PAID
INV-E5C6C8A4,ORD-7247BE4A,2025-06-20,423.81,80.52,504.33,COP,2025-08-12,UNPAID
INV-34D62F88,ORD-261E217F,2026-02-23,1440.05,273.61,1713.6599999999999,COP,2025-05-29,PAID
INV-331FE7C7,ORD-97AECC61,2025-11-13,3704.48,703.85,4408.33,USD,2026-01-09,PAID
INV-D15BA370,ORD-B79F18EB,2024-08-12,261.57,49.7,311.27,USD,2025-01-23,UNPAID
INV-80300BAC,ORD-070FC7E9,2026-03-15,2196.82,417.4,2614.2200000000003,COP,2026-04-30,PARTIAL
INV-E4E35A7A,ORD-78FD07FF,2025-02-03,1554.46,295.35,1849.81,EUR,2025-07-20,PAID
INV-CDB00B1D,ORD-669A4E0C,2024-10-04,3762.91,714.95,4477.86,MXN,2025-11-13,VOID
INV-0F423F8A,ORD-1933BAD6,2025-04-02,4702.78,893.53,5596.3099999999995,MXN,2024-11-06,UNPAID
INV-F3B0339B,ORD-7E8673BF,2025-10-25,1544.53,293.46,1837.99,EUR,2026-01-13,UNPAID
INV-C8256291,ORD-AF27966D,2025-10-06,596.73,113.38,710.11,USD,2026-01-10,VOID
INV-565C9F6A,ORD-6BE74E77,2024-11-17,1172.48,222.77,1395.25,MXN,2025-07-03,PAID
INV-7AE5B44E,ORD-97D90588,2026-03-31,1972.08,374.7,2346.7799999999997,USD,2026-05-13,VOID
INV-86010A70,ORD-8A91919E,2024-12-07,2815.73,534.99,3350.7200000000003,USD,2025-10-06,VOID
INV-EECA93EC,ORD-0B2EADB9,2026-04-13,335.37,63.72,399.09000000000003,COP,2026-06-23,UNPAID
INV-CF3CF4BE,ORD-47E044B7,2026-01-21,455.68,86.58,542.26,MXN,2025-07-16,PARTIAL
INV-AF976123,ORD-A6E9B5AE,2026-05-07,2259.43,0.0,2259.43,EUR,2024-08-31,PARTIAL
INV-575EBA77,ORD-9EABEFFC,2026-04-03,4939.83,938.57,5878.4,USD,2026-03-20,VOID
INV-2D61A77A,ORD-B4E18029,2026-05-18,1095.73,208.19,1303.92,MXN,2026-05-21,VOID
INV-10280AAE,ORD-1EDB568B,2026-02-03,1147.93,218.11,1366.04,EUR,2026-03-22,PAID
INV-D3807BA7,ORD-0B9FEC78,2025-04-20,2658.07,505.03,3163.1000000000004,MXN,2025-03-19,VOID
INV-4BF5843D,ORD-8C542108,2026-03-14,4110.63,781.02,4891.65,MXN,2026-05-25,UNPAID
INV-C556CF93,ORD-E9289E9D,2026-03-29,4995.99,949.24,5945.23,USD,2025-06-17,PAID
INV-0EB3C47F,ORD-9925DF49,2025-08-15,234.75,44.6,279.35,USD,2025-11-25,UNPAID
INV-693D41CD,ORD-37B678C4,2026-05-23,2796.55,531.34,3327.8900000000003,EUR,2026-05-24,UNPAID
INV-D4E26024,ORD-C2ABD8E0,2026-05-21,3198.45,607.71,3806.16,MXN,2026-05-17,VOID
INV-F82474E1,ORD-EF2EA5E6,2025-04-16,4392.86,834.64,5227.5,MXN,2025-12-19,UNPAID
INV-3A1E1132,ORD-867432EC,2026-05-05,3688.13,700.74,4388.87,EUR,2026-06-23,PAID
INV-6BAD7A71,ORD-454FF2AB,2025-09-08,882.57,167.69,1050.26,COP,2025-03-05,PAID
INV-AD5B8BA7,,2025-06-15,4192.08,2096.04,6288.12,COP,2026-05-19,UNPAID
INV-CF3844AD,,2026-05-17,4900.38,931.07,5831.45,EUR,2025-08-07,UNPAID
INV-D67F423A,ORD-8231B35C,2026-05-21,1657.7,314.96,1972.66,USD,2026-04-11,VOID
INV-30B797CB,ORD-6221F89C,2025-03-06,4117.96,782.41,4900.37,MXN,2025-02-15,PAID
INV-400330D6,ORD-4E381D81,2024-09-23,130.4,24.78,155.18,COP,2026-01-17,PARTIAL
INV-D47DE257,ORD-30FA0CB4,2026-01-04,3383.07,642.78,4025.8500000000004,COP,2025-05-11,VOID
INV-39D00F87,ORD-2CFC8075,2025-06-27,2563.27,487.02,3050.29,USD,2025-07-10,VOID
INV-3D641028,ORD-D53690B0,2025-09-18,1750.45,332.59,2083.04,USD,2024-06-29,UNPAID
INV-190A6307,ORD-67A4BF73,2025-02-14,1087.17,206.56,1293.73,MXN,2025-08-23,VOID
INV-721CC013,ORD-96B53C4C,2025-08-28,-2639.02,-501.41,-3140.43,MXN,2025-06-24,PARTIAL
INV-7EF934F9,ORD-42C7DE49,2026-04-18,4339.36,824.48,5163.84,USD,2026-03-01,VOID
INV-FC2ADD9A,ORD-B74041D4,2026-04-12,1113.72,211.61,1325.33,USD,2026-05-18,PAID
INV-7A33AA97,ORD-A7120DFE,2026-05-11,4154.88,789.43,4944.31,USD,2025-07-09,PAID
INV-283F2DB6,ORD-2E427C4B,2025-04-09,3327.82,632.29,3960.11,COP,2026-02-26,PARTIAL
INV-EA518C9D,ORD-7C0664AA,2025-12-19,2072.22,393.72,2465.9399999999996,EUR,2025-05-14,PAID
INV-4381B238,ORD-897CB965,2025-08-24,3987.25,757.58,4744.83,EUR,2026-05-19,PAID
INV-A79768B5,ORD-FE22A8C3,2025-12-31,903.53,171.67,1075.2,EUR,2026-02-25,PAID
INV-673FC805,ORD-C39DD70C,2026-03-13,3614.45,686.75,4301.2,MXN,2024-11-02,PAID
INV-1A80DBD6,ORD-A4880369,2026-05-06,4042.24,768.03,4810.2699999999995,MXN,2026-05-07,UNPAID
INV-A664E522,ORD-63258518,2025-03-03,2644.7,502.49,3147.1899999999996,MXN,2025-04-13,UNPAID
INV-4270710E,ORD-5EEBAFAD,2025-04-16,2709.22,514.75,3223.97,USD,2025-05-09,PAID
INV-51338523,ORD-1FC08D8F,2026-03-27,3726.78,708.09,4434.87,EUR,2026-03-17,VOID
INV-D1E54803,ORD-635C1B32,2026-05-03,4436.4,842.92,5279.32,MXN,2026-03-30,PAID
INV-B04187F4,ORD-9AFF0070,2025-07-20,2571.73,488.63,3060.36,USD,2026-06-08,PAID
INV-E0ADAD94,ORD-3D4B1695,2026-04-24,4300.52,817.1,5117.620000000001,MXN,2026-05-11,VOID
INV-3A943E45,,2026-04-22,2258.32,429.08,2687.4,COP,2024-07-30,VOID
INV-CBED9DB9,ORD-05C45ACF,2026-04-27,2809.98,533.9,3343.88,MXN,2026-06-20,PARTIAL
INV-98FC24EB,ORD-1376CA78,2026-02-19,1575.22,299.29,1874.51,USD,2025-03-03,PARTIAL
INV-6412B588,ORD-922B713C,2026-03-12,2962.38,562.85,3525.23,EUR,2026-02-14,VOID
INV-F251E040,ORD-215070D4,2026-05-01,1742.68,331.11,2073.79,MXN,2026-06-15,PARTIAL
INV-B0E75CDD,ORD-BCA30593,2026-03-07,232.25,116.12,348.37,COP,2025-06-20,PAID
INV-BE2A1C20,ORD-13EA7AE0,2026-03-09,2945.33,559.61,3504.94,EUR,2025-01-07,PAID
INV-AF16C754,ORD-F62F7486,2025-05-05,553.92,105.24,659.16,COP,2025-11-12,VOID
INV-CCFC8643,ORD-57D4F8C4,2026-05-22,128.32,24.38,152.7,COP,2026-05-19,PAID
INV-F7876133,,2025-10-12,862.15,163.81,1025.96,MXN,2025-10-22,PARTIAL
INV-5F01AE92,ORD-3DF1B08F,2026-05-22,4284.06,813.97,5098.030000000001,MXN,2026-05-03,VOID
INV-AA33D95B,ORD-6377FF85,2025-09-05,321.24,61.04,382.28000000000003,COP,2026-03-05,UNPAID
INV-CF03BA18,ORD-742B1E85,2026-04-24,1256.0,238.64,1494.6399999999999,EUR,2026-02-28,PARTIAL
INV-1525B12E,ORD-9B0FA7C1,2026-04-08,4330.48,0.0,4330.48,USD,2025-02-05,PARTIAL
INV-A4EE771B,ORD-5B7B35A1,2026-05-20,1168.35,221.99,1390.34,EUR,2026-06-11,UNPAID
INV-5AB3F581,ORD-F828EDB0,2024-11-07,4329.41,822.59,5152.0,COP,2025-05-22,UNPAID
INV-63FC7A91,ORD-E69467D0,2026-05-01,92.88,17.65,110.53,COP,2026-04-18,UNPAID
INV-49BBAFB5,ORD-A3400266,2024-11-09,4756.79,903.79,5660.58,MXN,2026-05-17,PAID
INV-B0A3B320,ORD-4DB7FAD7,2026-03-26,3131.96,595.07,3727.03,USD,2026-06-05,VOID
INV-9C85A324,,2025-05-06,4047.87,769.1,4816.97,EUR,2026-06-15,PAID
INV-AAF12808,ORD-30677475,2026-02-18,4804.56,912.87,5717.43,COP,2025-08-20,PARTIAL
INV-F4A04C33,ORD-321E746B,2026-02-13,1284.82,244.12,1528.94,USD,2026-03-22,VOID
INV-D54E933A,ORD-8867260D,2024-12-17,341.49,64.88,406.37,MXN,2026-03-13,VOID
INV-F53DBF59,ORD-68228D75,2026-05-19,2767.7,525.86,3293.56,EUR,2025-12-07,PARTIAL
INV-24DB7AA2,ORD-2F0B07D6,2025-10-02,4437.41,843.11,5280.5199999999995,EUR,2026-03-03,UNPAID
INV-E5592193,ORD-B0A54369,2025-11-12,4592.7,872.61,5465.3099999999995,USD,2025-10-03,PARTIAL
INV-42CA9ADE,ORD-24327C6F,2025-05-12,1287.79,244.68,1532.47,MXN,2026-01-16,VOID
INV-0CE7F369,ORD-C83BE551,2026-05-15,2521.15,479.02,3000.17,COP,2026-01-12,UNPAID
INV-DEB1F95B,ORD-161B0D82,2026-05-08,3175.56,603.36,3778.92,USD,2026-05-14,PAID
INV-7E8F0CFF,ORD-F0745DDA,2025-09-16,3688.33,700.78,4389.11,MXN,2026-06-03,UNPAID
INV-5925FB80,ORD-49BCBC58,2025-11-27,4741.24,900.84,5642.08,COP,2025-09-19,PAID
INV-953F2E88,ORD-F461EEF8,2026-01-24,1825.13,346.77,2171.9,USD,2026-02-13,PAID
INV-351D39EA,,2025-04-28,462.99,87.97,550.96,USD,2025-04-21,PARTIAL
INV-67AE73DB,ORD-FB877CC4,2026-05-24,2241.85,425.95,2667.7999999999997,USD,2026-04-17,PARTIAL
INV-D2A17172,ORD-23576198,2026-04-24,4796.96,911.42,5708.38,COP,2026-02-26,UNPAID
INV-DC2FEF74,ORD-3EF2C525,2026-03-24,2629.22,499.55,3128.77,COP,2025-07-28,PARTIAL
INV-030E5558,ORD-0C3B491F,2026-05-25,3779.75,718.15,4497.9,EUR,2026-06-23,VOID
INV-6C9BB4D3,ORD-2AB35719,2026-03-01,1692.06,321.49,2013.55,COP,2026-02-17,UNPAID
INV-FED9FCF2,ORD-277DBDC6,2026-02-09,4510.3,856.96,5367.26,EUR,2025-03-21,PAID
INV-D7AACE8C,ORD-F12EE3A3,2026-03-30,2595.48,493.14,3088.62,MXN,2026-03-05,UNPAID
INV-E34D391A,ORD-5B7F7F66,2026-03-17,4163.21,791.01,4954.22,EUR,2025-11-09,PAID
INV-400D972F,ORD-EC7BE9E9,2025-12-22,3434.21,652.5,4086.71,USD,2025-10-29,PARTIAL
INV-7CFFC3DB,ORD-F881EC7B,2026-04-15,480.58,91.31,571.89,COP,2025-06-18,PARTIAL
INV-81F8FC53,ORD-9E6AE5ED,2025-11-28,645.49,122.64,768.13,USD,2026-04-27,PARTIAL
INV-0705E2D5,ORD-C75596AD,2026-02-27,2060.98,391.59,2452.57,COP,2026-04-30,UNPAID
INV-BAAA3ABF,ORD-CF16F365,2026-03-24,3014.32,572.72,3587.04,MXN,2025-01-19,VOID
INV-BC7F8A4B,ORD-47E02C05,2026-02-01,818.41,155.5,973.91,USD,2026-03-06,PARTIAL
INV-CE8E69E4,ORD-4108C01F,2026-05-04,2080.54,395.3,2475.84,COP,2025-07-12,PAID
INV-7E50A426,ORD-8DB55F78,2024-07-11,1409.24,267.76,1677.0,COP,2026-04-02,VOID
INV-C9ECA3EB,ORD-BF32ED0D,2026-05-21,1904.9,361.93,2266.83,USD,2026-03-02,PAID
INV-BE5A2964,ORD-64986EC1,2024-11-24,4409.72,837.85,5247.570000000001,USD,2025-09-01,VOID
INV-9F6DC9CC,ORD-5D4B5593,2025-11-29,3707.49,704.42,4411.91,USD,2026-02-26,UNPAID
INV-89D80111,ORD-62E3129D,2025-09-17,4380.02,832.2,5212.22,MXN,2026-04-10,PAID
INV-7A10BEEE,ORD-7220ABF9,2025-08-24,3224.67,612.69,3837.36,MXN,2025-08-11,UNPAID
INV-4C6E0C6E,ORD-9B6E2C87,2025-11-01,3917.32,744.29,4661.610000000001,USD,2025-09-11,VOID
INV-0F84C89C,ORD-CB208D25,2026-01-28,808.22,153.56,961.78,COP,2026-05-26,UNPAID
INV-CE9C0640,ORD-C7B6BA72,2026-04-13,2405.55,457.05,2862.6000000000004,USD,2025-09-02,PAID
INV-E5BA6FFE,ORD-35D2BCAD,2026-03-20,1549.81,294.46,1844.27,USD,2025-09-13,PARTIAL
INV-5053A5EE,ORD-67A887EF,2026-05-13,1364.88,259.33,1624.21,COP,2026-06-04,PAID
INV-CD5EC9FE,,2025-12-30,1831.71,348.02,2179.73,EUR,2026-03-07,PARTIAL
INV-BE7E7841,ORD-66BAFF8A,2025-12-11,1794.37,340.93,2135.2999999999997,COP,2025-10-02,PAID
INV-089B1373,ORD-542C2BF1,2026-05-23,3669.58,697.22,4366.8,MXN,2026-03-27,PARTIAL
INV-5369A5EC,ORD-19043F35,2025-12-29,3009.13,571.73,3580.86,MXN,2026-04-28,PARTIAL
INV-CC8435EF,ORD-1E18446B,2026-02-02,4554.25,0.0,4554.25,MXN,2026-05-04,UNPAID
INV-A0AF0B16,ORD-007B453D,2025-02-08,3693.51,0.0,3693.51,USD,2026-04-17,PARTIAL
INV-413D6272,ORD-B6C12525,2026-04-18,2615.1,496.87,3111.97,USD,2026-01-29,VOID
INV-03781BED,ORD-9DA368C9,2025-10-11,4132.0,785.08,4917.08,USD,2025-12-19,PAID
INV-CABC3D91,,2025-03-18,3864.72,734.3,4599.0199999999995,MXN,2026-01-20,VOID
INV-E52A84AD,ORD-98271523,2025-11-12,1871.67,355.62,2227.29,USD,2025-12-23,PARTIAL
INV-1549AE7D,ORD-36B088A9,2026-05-06,2693.19,511.71,3204.9,COP,2025-09-19,VOID
INV-AAE70486,ORD-504B402A,2026-04-15,1172.22,222.72,1394.94,COP,2026-03-31,VOID
INV-5E3E21EE,ORD-6FDC2550,2026-04-06,3384.04,642.97,4027.01,EUR,2026-04-28,PARTIAL
INV-12374A03,ORD-85E9394E,2025-12-12,4009.6,761.82,4771.42,USD,2026-01-25,VOID
INV-A94B37BC,ORD-A06A5D3A,2025-12-23,4786.72,909.48,5696.200000000001,COP,2025-11-09,PAID
INV-1F23C7D9,,2025-12-30,3447.88,655.1,4102.9800000000005,EUR,2025-11-09,PAID
INV-EBAE6DC3,ORD-897C9F4E,2026-01-31,4758.54,904.12,5662.66,MXN,2026-02-25,VOID
INV-E70E695A,ORD-A970B211,2026-03-02,3370.27,640.35,4010.62,EUR,2025-09-13,PARTIAL
INV-E50D2706,ORD-8AAD0693,2026-01-14,345.34,65.61,410.95,MXN,2026-04-04,UNPAID
INV-AECF2F69,ORD-7B9FA2DB,2025-10-15,4398.33,835.68,5234.01,USD,2026-01-06,UNPAID
INV-931F330C,ORD-BD8EF507,2025-09-04,4858.05,923.03,5781.08,COP,2026-05-10,PARTIAL
INV-051FB691,ORD-1803E038,2026-04-15,3460.76,657.54,4118.3,MXN,2026-01-07,PARTIAL
INV-E5A472CA,ORD-38ED4351,2025-04-05,3301.01,627.19,3928.2000000000003,COP,2026-03-30,UNPAID
INV-80CDA07C,ORD-1BF3C2E5,2025-12-24,3989.43,757.99,4747.42,COP,2025-08-04,VOID
INV-9279ACC3,ORD-F5F21B99,2025-09-08,-2349.51,-446.41,-2795.92,EUR,2025-05-08,PAID
INV-901A6604,ORD-2BFFD2BF,2025-04-26,2019.97,383.79,2403.76,EUR,2025-11-20,PAID
INV-CE85F204,ORD-5E38FF70,2025-11-26,4223.06,802.38,5025.4400000000005,COP,2025-11-28,VOID
INV-99F49513,,2025-04-12,2270.74,431.44,2702.18,USD,2025-07-20,VOID
INV-9C788612,ORD-14DC5CCC,2025-04-19,3544.79,673.51,4218.3,USD,2025-08-31,VOID
INV-6BA348D9,ORD-B4DF649A,2026-02-21,2878.22,546.86,3425.08,USD,2025-11-11,PAID
INV-366A2438,ORD-14D9A397,2026-05-04,4318.5,2159.25,6477.75,MXN,2026-05-20,VOID
INV-72015460,ORD-12DEE971,2025-06-27,2526.57,480.05,3006.6200000000003,COP,2025-07-14,PAID
INV-77D37567,ORD-A1961C45,2026-05-07,1991.19,378.33,2369.52,EUR,2025-07-23,PARTIAL
INV-0928F31D,ORD-DE47ABAE,2025-12-03,3786.9,719.51,4506.41,EUR,2026-03-06,PARTIAL
INV-A1431D6C,ORD-70547BE4,2025-12-19,4300.99,817.19,5118.18,EUR,2026-01-04,PARTIAL
INV-AB4A64EE,ORD-F40F9B9C,2026-05-24,2097.1,398.45,2495.5499999999997,EUR,2026-06-03,VOID
INV-2F09DAE6,ORD-761A0820,2024-09-13,1842.18,350.01,2192.19,EUR,2026-04-23,PARTIAL
INV-AF9247BF,ORD-FD2DD4E4,2026-01-17,2904.25,551.81,3456.06,EUR,2026-02-05,VOID
INV-798CAB14,ORD-BDDC50BA,2025-09-07,1326.21,251.98,1578.19,COP,2025-08-21,VOID
INV-DD049927,ORD-70647540,2025-09-18,3849.27,731.36,4580.63,MXN,2026-05-17,VOID
INV-9C315267,ORD-77EB6995,2026-01-07,4470.75,849.44,5320.1900000000005,EUR,2026-04-15,UNPAID
INV-8A7C2F1E,ORD-8DCC4D11,2025-09-23,2217.13,421.25,2638.38,EUR,2026-05-24,PARTIAL
INV-9A688294,ORD-29F98244,2026-02-20,4835.84,918.81,5754.65,COP,2026-02-27,VOID
INV-AE467F0D,ORD-C99979A6,2025-10-30,2967.46,563.82,3531.28,USD,2025-05-18,VOID
INV-63BC3F61,ORD-3E108DF1,2025-07-24,745.85,141.71,887.5600000000001,USD,2026-02-14,PARTIAL
INV-2D09E031,ORD-498A6C25,2025-10-13,1361.26,1619.9,2981.16,MXN,2025-07-23,PAID
INV-9FF84AD8,ORD-0282A0C6,2025-09-01,2914.35,553.73,3468.08,MXN,2025-03-27,VOID
INV-D997783D,ORD-6902AD05,2026-04-11,-2670.57,-507.41,-3177.98,USD,2026-05-19,PAID
INV-FCBAD69E,ORD-1F51E3C6,2025-07-18,258.11,49.04,307.15000000000003,USD,2026-04-05,UNPAID
INV-AC38B9D2,ORD-2C765E0E,2026-01-14,829.65,157.63,987.28,MXN,2025-11-16,PAID
INV-6BA7D9F2,ORD-8ABA1684,2026-04-23,-618.53,-117.52,-736.05,USD,2025-07-18,PAID
INV-997C4D56,ORD-AF4D65D4,2026-03-23,3522.84,669.34,4192.18,USD,2025-01-22,PARTIAL
INV-0709E2E0,ORD-5C60D130,2026-02-17,-3297.61,-626.55,-3924.16,MXN,2026-03-22,PAID
INV-AE12EAB1,,2026-03-31,2516.53,478.14,2994.67,MXN,2026-05-02,UNPAID
INV-8EC0793D,ORD-5B02D0E3,2025-11-10,2359.01,448.21,2807.2200000000003,EUR,2025-12-29,PARTIAL
INV-E2F93114,ORD-88D8845D,2026-03-30,301.46,57.28,358.74,USD,2026-05-07,VOID
INV-8CC5C84E,ORD-E6EF2A35,2025-10-31,2885.68,548.28,3433.96,MXN,2025-05-23,UNPAID
INV-22FAF451,ORD-982BD35C,2025-11-11,3988.32,4746.1,8734.42,COP,2024-11-04,VOID
INV-0BECDD56,ORD-9EF7497F,2026-05-12,3720.56,706.91,4427.47,USD,2025-12-07,UNPAID
INV-DCA676B3,ORD-F9B5DC89,2026-03-27,578.94,110.0,688.94,EUR,2026-01-26,UNPAID
INV-761C2613,ORD-8CB9B57E,2026-04-07,2878.71,546.95,3425.66,COP,2026-02-26,UNPAID
INV-44B5EDAF,ORD-44C6690C,2026-04-12,789.5,150.0,939.5,EUR,2025-08-15,UNPAID
INV-7CD2E3ED,ORD-A1B2B008,2026-04-21,2987.28,567.58,3554.86,USD,2026-05-07,VOID
INV-61205840,ORD-99FEA79B,2025-11-26,1094.51,207.96,1302.47,COP,2026-03-25,UNPAID
INV-5041471D,ORD-F6927421,2025-04-08,2324.48,441.65,2766.13,MXN,2026-02-10,PAID
INV-13D694FB,ORD-F977EE47,2026-04-27,3132.05,595.09,3727.1400000000003,EUR,2026-02-18,PAID
INV-3FD58B00,ORD-84BE35C1,2026-05-05,2060.2,391.44,2451.64,COP,2026-03-20,PAID
INV-4A85E4D2,ORD-99F5D74F,2025-09-08,3151.1,598.71,3749.81,USD,2024-12-17,PARTIAL
INV-E7136333,ORD-C77A0940,2026-05-04,680.85,129.36,810.21,MXN,2026-05-07,PAID
INV-1774F846,ORD-423539DE,2026-03-17,962.52,182.88,1145.4,USD,2025-11-26,PAID
INV-F37A8ED7,ORD-77087D96,2026-02-05,872.51,165.78,1038.29,EUR,2026-02-11,PAID
INV-1A890FDC,ORD-B40303C4,2026-05-19,1053.82,200.23,1254.05,USD,2026-06-09,VOID
INV-CFB05D99,ORD-25494071,2025-12-30,2062.57,391.89,2454.46,EUR,2025-05-09,PAID
INV-8D35E4A3,ORD-38F14F3D,2025-11-20,3460.0,657.4,4117.4,USD,2025-04-15,UNPAID
INV-0005A7CB,ORD-572398EB,2025-07-08,-1145.51,-217.65,-1363.16,MXN,2025-03-23,VOID
INV-6721D508,ORD-C2165055,2025-05-27,2144.35,407.43,2551.7799999999997,EUR,2026-05-21,PARTIAL
INV-8AE052D3,ORD-0B797ACF,2026-01-08,4103.71,779.7,4883.41,COP,2026-03-30,VOID
INV-FE7060E8,,2026-01-03,4116.42,782.12,4898.54,MXN,2026-05-25,PARTIAL
INV-1CCD29C6,ORD-5F0FDBEA,2026-03-28,1996.69,379.37,2376.06,EUR,2026-03-04,VOID
INV-B3E993C8,ORD-F30B79DC,2026-02-26,3475.43,660.33,4135.76,MXN,2026-02-08,VOID
INV-53CC3391,ORD-3EFBE96D,2024-12-07,2598.91,493.79,3092.7,EUR,2025-06-17,PARTIAL
INV-45FB3CCE,ORD-5D5BEC72,2026-03-20,4267.77,810.88,5078.650000000001,EUR,2026-04-10,PARTIAL
INV-BF047AB2,ORD-500A8AA0,2025-10-22,-4376.3,-831.5,-5207.8,USD,2025-04-23,PAID
INV-E13B39FC,ORD-6B86E231,2025-09-03,3314.68,629.79,3944.47,MXN,2026-01-18,VOID
INV-8EDE02CF,ORD-8153E500,2026-01-24,1118.07,212.43,1330.5,COP,2024-09-03,PAID
INV-7FCCA09E,ORD-0CD06A34,2026-03-22,1458.42,277.1,1735.52,COP,2026-05-24,PARTIAL
INV-8C641217,ORD-E55531D8,2025-08-23,2712.84,515.44,3228.28,USD,2026-06-04,PAID
INV-E7F896FE,ORD-BBDE30B8,2026-05-18,613.71,116.6,730.3100000000001,MXN,2026-02-17,PARTIAL
INV-04CEEAEE,ORD-66776C0C,2026-03-03,3157.17,599.86,3757.03,USD,2025-12-12,PARTIAL
INV-6A40C746,ORD-E2620152,2026-05-18,1148.63,218.24,1366.8700000000001,USD,2026-05-11,VOID
INV-0B0212B7,ORD-14559383,2025-05-08,1456.08,276.66,1732.74,MXN,2025-04-25,VOID
INV-DFC4DB20,ORD-11813A48,2026-05-16,1925.64,365.87,2291.51,COP,2026-02-18,VOID
INV-6DDE5358,ORD-CBACC8B6,2025-10-22,1556.39,295.71,1852.1000000000001,EUR,2026-05-07,UNPAID
INV-39C2F88E,,2025-10-04,3764.95,715.34,4480.29,EUR,2025-11-24,VOID
INV-C88EBF46,ORD-033AC08A,2026-02-15,583.27,110.82,694.0899999999999,MXN,2026-02-11,VOID
INV-590D910F,ORD-A87EC290,2025-12-10,1906.0,362.14,2268.14,EUR,2024-09-23,PAID
INV-81C471E0,ORD-8CF198E3,2026-03-04,3734.66,1867.33,5601.99,COP,2026-03-25,VOID
INV-7B72AE6D,ORD-36ED1588,2025-12-31,2574.51,489.16,3063.67,EUR,2025-04-24,VOID
INV-8DA0B992,ORD-FDD8D2B2,2026-03-11,2484.01,471.96,2955.9700000000003,COP,2025-10-25,PAID
INV-1C59C70C,ORD-5BF64136,2025-03-31,1968.06,373.93,2341.99,MXN,2025-06-12,UNPAID
INV-6C3E3CA5,ORD-2A7A9FA2,2026-04-26,2289.09,434.93,2724.02,MXN,2025-07-01,PARTIAL
INV-1A2D9670,ORD-DA65C703,2026-02-22,1470.5,279.39,1749.8899999999999,COP,2026-05-23,PARTIAL
INV-641DD524,ORD-089CFD5A,2026-01-21,2788.96,529.9,3318.86,EUR,2026-05-04,PAID
INV-67AE6237,ORD-CF70B5E7,2026-04-28,745.65,141.67,887.3199999999999,MXN,2026-01-18,UNPAID
INV-09CE2544,ORD-263059B7,2025-02-13,766.5,145.63,912.13,EUR,2025-09-03,PAID
INV-39FAE98D,ORD-361F83DA,2026-04-04,3645.09,4337.66,7982.75,USD,2026-05-15,PARTIAL
INV-702813C0,ORD-F1A158D1,2026-05-15,511.52,97.19,608.71,COP,2026-05-22,VOID
INV-58E36819,ORD-BEADD82A,2025-09-24,2279.66,433.14,2712.7999999999997,COP,2025-07-21,UNPAID
INV-3E540130,ORD-05936FBA,2026-05-14,3319.88,630.78,3950.66,MXN,2025-06-04,VOID
INV-2D839318,ORD-A951027B,2026-05-13,2395.32,455.11,2850.4300000000003,COP,2026-05-21,PAID
INV-9D4C3A4F,ORD-43F96C59,2025-04-23,185.24,35.2,220.44,COP,2025-11-14,VOID
INV-E94F1AD7,ORD-6D377252,2025-12-17,400.5,76.09,476.59000000000003,MXN,2026-05-22,UNPAID
INV-A3C4D06F,ORD-683164FF,2025-12-21,4982.43,946.66,5929.09,COP,2026-03-03,PARTIAL
INV-DA05BCA7,ORD-4A644ECF,2026-05-15,1973.06,374.88,2347.94,COP,2026-06-12,UNPAID
INV-CFDA8ED8,ORD-FCFC7F44,2025-02-04,4496.01,854.24,5350.25,MXN,2025-10-15,VOID
INV-E338B6C3,ORD-A762329C,2025-05-25,2250.35,427.57,2677.92,USD,2025-09-01,UNPAID
INV-77ACABC8,ORD-1C536E83,2026-05-20,4088.57,776.83,4865.400000000001,EUR,2026-06-23,PARTIAL
INV-03C71011,ORD-9DB7E77F,2024-09-09,3806.5,723.24,4529.74,MXN,2025-10-11,PAID
INV-FF6EFF2F,ORD-6C417982,2025-07-01,4726.83,898.1,5624.93,COP,2026-02-08,PAID
INV-1E46D6AC,ORD-B38A5783,2026-05-20,2618.97,497.6,3116.5699999999997,EUR,2026-05-17,PARTIAL
INV-8AC81BE9,ORD-BA15A44A,2025-08-23,589.05,111.92,700.9699999999999,EUR,2024-11-12,PARTIAL
INV-53542705,ORD-3C406CA2,2026-01-04,4788.36,909.79,5698.15,COP,2025-06-08,PARTIAL
INV-51D17E79,ORD-F57E5464,2026-02-27,3335.72,633.79,3969.5099999999998,MXN,2026-04-26,PAID
INV-CD0CB712,ORD-5D2474AB,2025-11-25,1983.06,376.78,2359.84,USD,2026-01-03,PARTIAL
INV-BF05413E,ORD-637A0E52,2025-11-12,2339.41,1169.7,3509.1099999999997,EUR,2026-04-04,PARTIAL
INV-1A116F3B,ORD-D1D1FAD2,2025-09-07,1886.42,358.42,2244.84,MXN,2026-06-14,PAID
INV-6D85A707,ORD-061B4492,2026-01-29,674.41,337.2,1011.6099999999999,COP,2026-05-29,UNPAID
INV-9FFDDB82,ORD-C54DC556,2025-12-20,447.01,84.93,531.94,USD,2026-05-07,PARTIAL
INV-0AC34806,ORD-C9AC0911,2025-10-01,398.55,75.72,474.27,EUR,2025-02-20,PARTIAL
INV-6955F227,,2026-04-15,3141.24,596.84,3738.08,USD,2026-02-08,UNPAID
INV-D866C592,ORD-B981F6A1,2025-07-31,2092.83,397.64,2490.47,USD,2025-05-05,PARTIAL
INV-6E251DAF,ORD-369C5408,2026-02-03,2675.02,508.25,3183.27,MXN,2026-01-24,UNPAID
INV-B17ED913,ORD-D4169BCC,2024-10-31,362.5,68.88,431.38,MXN,2025-10-14,PARTIAL
INV-F3CB9CBA,ORD-307445DE,2025-08-09,3466.88,658.71,4125.59,COP,2026-02-18,PARTIAL
INV-61A84B57,ORD-AA9AD6C5,2025-11-03,124.01,23.56,147.57,USD,2026-01-26,PAID
INV-692D8F2F,ORD-A29397C0,2026-04-24,742.56,141.09,883.65,USD,2026-02-13,PAID
INV-3D9CF2F9,ORD-9FE6F0F7,2026-03-27,3032.39,576.15,3608.54,USD,2026-03-09,UNPAID
INV-B9EDA241,ORD-E2404E6F,2025-11-21,3661.75,695.73,4357.48,USD,2024-11-28,PAID
INV-8BD8515E,ORD-8FDA8D85,2026-04-25,1324.64,251.68,1576.3200000000002,EUR,2026-05-27,VOID
INV-271FFE38,ORD-A3EB3FB3,2026-04-15,2989.47,568.0,3557.47,MXN,2026-05-30,VOID
INV-6D3700EB,ORD-26E5CE42,2024-10-28,308.05,58.53,366.58000000000004,USD,2025-06-17,PARTIAL
INV-D7D7B5A5,ORD-653066A3,2026-02-25,625.34,118.81,744.1500000000001,USD,2026-03-06,UNPAID
INV-07901A35,ORD-51C91BEC,2025-03-16,1519.94,288.79,1808.73,COP,2026-03-13,UNPAID
INV-5CA7E998,ORD-5BE79EB4,2026-05-10,4852.35,921.95,5774.3,COP,2026-06-10,VOID
INV-CBCB7FE9,ORD-AEA3FAEC,2025-10-07,3235.32,614.71,3850.03,COP,2026-04-16,UNPAID
INV-81678E51,ORD-6CFA7287,2025-10-19,4817.72,915.37,5733.09,MXN,2024-10-24,VOID
INV-C668A741,ORD-BAF3D8E5,2026-05-13,565.16,107.38,672.54,MXN,2026-04-01,PAID
INV-29D69511,ORD-F6280C5F,2026-04-13,4971.42,944.57,5915.99,EUR,2026-05-11,PARTIAL
INV-C6B7D00A,ORD-A2FD3E96,2025-05-12,3430.61,651.82,4082.4300000000003,COP,2025-10-26,UNPAID
INV-FE4FB7E1,ORD-B76A9338,2025-09-25,2376.3,451.5,2827.8,USD,2024-09-24,PAID
INV-011F590C,ORD-17645034,2026-02-26,827.2,0.0,827.2,EUR,2026-06-02,PARTIAL
INV-74BFF3CD,ORD-C4C1E376,2025-09-23,210.19,39.94,250.13,USD,2024-12-23,PARTIAL
INV-E66B0CC7,ORD-FEFBFCE1,2026-03-05,1079.56,205.12,1284.6799999999998,COP,2025-12-08,VOID
INV-B00FEC0E,ORD-DBAE47C4,2024-06-16,2382.66,452.71,2835.37,COP,2025-11-11,VOID
INV-93F54676,ORD-76DCDFCC,2025-05-09,143.36,27.24,170.60000000000002,USD,2025-10-28,UNPAID
INV-F9C2D0F3,ORD-530A6263,2026-01-15,709.14,843.88,1553.02,USD,2025-10-05,UNPAID
INV-86A05E8E,,2026-04-04,1213.31,230.53,1443.84,COP,2026-02-08,PAID
INV-A2F8758C,ORD-0BF6076A,2025-12-26,1732.32,329.14,2061.46,MXN,2026-04-13,VOID
INV-F8702C7B,ORD-2E7BD3EB,2025-06-13,4094.5,777.96,4872.46,EUR,2025-11-16,PARTIAL
INV-B8FCC7FD,ORD-CC9D2242,2026-03-25,2985.39,567.22,3552.6099999999997,USD,2026-03-26,PAID
INV-5A134BD3,ORD-71E61A36,2026-01-16,3695.44,702.13,4397.57,EUR,2026-01-23,VOID
INV-E911E763,ORD-4E31FB70,2026-02-15,4947.72,940.07,5887.79,COP,2026-01-25,VOID
INV-F874481C,ORD-EDA96D69,2026-05-09,242.93,0.0,242.93,MXN,2026-05-05,VOID
INV-200E183D,ORD-EA58867E,2025-09-24,3561.13,676.61,4237.74,COP,2025-10-14,PARTIAL
INV-7454AEE5,ORD-8426AB76,2025-09-17,398.22,75.66,473.88,MXN,2025-09-24,PAID
INV-45747407,ORD-0C73949F,2026-03-24,3185.34,605.21,3790.55,COP,2026-05-24,PAID
INV-ED85612A,ORD-FAEF8FEF,2025-10-20,2377.81,451.78,2829.59,MXN,2025-12-20,UNPAID
INV-8950EEB1,ORD-46F0460B,2025-10-20,4508.24,856.57,5364.8099999999995,USD,2025-09-29,VOID
INV-BD5917BB,ORD-6418861E,2025-04-10,2287.03,434.54,2721.57,EUR,2025-08-06,VOID
INV-7F4AF6CF,ORD-F46E1583,2025-11-07,4602.04,874.39,5476.43,MXN,2026-02-10,PARTIAL
INV-9462224E,ORD-AD5C5B51,2024-10-13,2654.93,504.44,3159.37,MXN,2024-10-06,UNPAID
INV-13C00C28,ORD-634F589E,2024-11-07,534.42,101.54,635.9599999999999,EUR,2025-05-24,PARTIAL
INV-910A80C6,ORD-D244BF37,2026-05-04,1159.83,579.91,1739.7399999999998,USD,2025-10-27,PAID
INV-97C6DA93,ORD-1E6EFE84,2026-03-20,1227.57,233.24,1460.81,MXN,2025-06-07,PARTIAL
INV-E294F5D3,ORD-7B69082F,2025-11-26,315.47,59.94,375.41,COP,2025-09-01,VOID
INV-DCB8D912,ORD-B1E2640C,2026-02-18,2946.54,559.84,3506.38,EUR,2026-02-11,PAID
INV-92139071,ORD-07980AB9,2025-11-03,3675.47,698.34,4373.8099999999995,EUR,2026-05-08,UNPAID
INV-5F9EC4A1,ORD-B5C81C42,2026-04-07,789.66,0.0,789.66,COP,2026-05-26,PAID
INV-676D9D6A,ORD-41B51E5B,2026-01-31,2809.41,1404.7,4214.11,USD,2025-03-24,PAID
INV-003CE82D,ORD-7FEDCE8A,2026-01-13,4849.15,921.34,5770.49,EUR,2025-10-12,PAID
INV-6BA7A9A4,ORD-99C1510C,2026-03-23,2466.39,468.61,2935.0,EUR,2025-01-09,PARTIAL
INV-56A3734B,ORD-B88B1D28,2025-10-23,3486.69,662.47,4149.16,USD,2026-01-17,PARTIAL
INV-E386118D,ORD-F2EAF34C,2025-09-20,3443.98,654.36,4098.34,EUR,2026-04-08,PAID
INV-B37C8BB8,ORD-0614F005,2026-04-29,3047.19,578.97,3626.16,EUR,2026-04-27,VOID
INV-BD20647E,ORD-93F73F1A,2026-04-08,3194.21,606.9,3801.11,EUR,2026-04-20,PAID
INV-BCDD8708,ORD-2E8C7B3D,2026-02-28,2578.99,490.01,3069.0,MXN,2026-05-20,UNPAID
INV-3B22499A,ORD-CA0EA52E,2024-10-05,1654.54,0.0,1654.54,EUR,2025-11-18,UNPAID
INV-A4B3BE57,ORD-BE14A4B7,2025-12-16,835.96,158.83,994.7900000000001,MXN,2024-11-27,UNPAID
INV-6DB7E3F9,ORD-6B493C5E,2026-05-02,2789.36,529.98,3319.34,MXN,2026-05-14,PARTIAL
INV-78F25874,ORD-04FAD688,2026-05-11,115.05,21.86,136.91,USD,2025-10-16,VOID
INV-BD1E7FC0,ORD-CF7A895F,2026-04-12,2759.9,524.38,3284.28,EUR,2025-12-08,PARTIAL
INV-E5DC1ECC,ORD-246C68D3,2026-05-11,2317.83,440.39,2758.22,EUR,2026-06-12,PAID
INV-9D157617,ORD-FD28CE09,2025-07-22,2636.14,500.87,3137.0099999999998,COP,2025-09-22,UNPAID
INV-80B51339,,2024-12-28,3791.65,720.41,4512.06,MXN,2025-05-22,PARTIAL
INV-EB76CB13,ORD-CB7E7784,2026-03-09,1966.6,373.65,2340.25,EUR,2025-02-06,PAID
INV-16AE14A9,ORD-24F3CF37,2025-09-18,4848.6,5769.83,10618.43,EUR,2026-04-22,PARTIAL
INV-59ABD2DB,ORD-FBA4AED8,2026-05-08,4983.71,946.9,5930.61,MXN,2026-01-05,UNPAID
INV-B11848B7,ORD-AF6650BE,2025-03-24,-636.57,-120.95,-757.5200000000001,USD,2026-03-10,VOID
INV-97469C9C,ORD-D3B6F12E,2025-06-08,2363.33,449.03,2812.3599999999997,MXN,2025-12-12,UNPAID
INV-EA97E3AE,ORD-73F8933A,2025-12-16,2762.46,524.87,3287.33,MXN,2026-01-07,PAID
INV-85E66A6B,,2024-09-28,575.37,109.32,684.69,EUR,2025-09-24,PAID
INV-A8F637A1,ORD-3AC9EB16,2026-02-08,2848.46,541.21,3389.67,MXN,2026-01-07,PARTIAL
INV-C46830A5,ORD-9FD6BB59,2026-03-04,902.14,171.41,1073.55,USD,2026-06-19,PAID
INV-66F54F25,ORD-36107E5B,2026-04-28,462.73,231.37,694.1,EUR,2025-09-27,UNPAID
INV-A822323A,ORD-FBB97C38,2026-04-20,4495.45,854.14,5349.59,COP,2026-05-17,UNPAID
INV-9B3AF389,ORD-16A19E43,2026-03-20,73.75,14.01,87.76,MXN,2026-02-17,VOID
INV-3DDA9FCA,ORD-BC065165,2025-04-30,4106.46,780.23,4886.6900000000005,MXN,2026-05-01,VOID
INV-30D9026A,ORD-2EC2A1DE,2025-10-31,182.71,34.71,217.42000000000002,MXN,2025-11-20,UNPAID
INV-CE76B4DB,ORD-0220DFC6,2026-04-18,1032.87,196.25,1229.12,MXN,2026-05-16,PARTIAL
INV-2A6359F3,ORD-7ECE9B94,2025-12-28,2122.03,403.19,2525.2200000000003,EUR,2025-10-31,PAID
INV-EDB36225,ORD-141A0F65,2025-08-14,4934.0,937.46,5871.46,USD,2026-04-22,VOID
INV-346C608C,ORD-F0D2421A,2025-05-31,3112.36,591.35,3703.71,COP,2026-01-29,UNPAID
INV-E590FD88,ORD-6F59D09B,2025-05-21,-4458.08,-847.04,-5305.12,MXN,2024-11-13,VOID
INV-0CF34E82,ORD-9A51CBEA,2024-09-22,2928.06,556.33,3484.39,MXN,2026-01-29,PAID
INV-A9B4963A,ORD-59770A37,2025-12-08,2418.66,459.55,2878.21,COP,2025-12-04,VOID
INV-5359B00E,ORD-DE28E2CA,2026-03-28,2040.21,0.0,2040.21,EUR,2026-06-14,PAID
INV-373C6CC6,ORD-DF48D169,2026-05-15,2098.59,398.73,2497.32,MXN,2026-06-04,VOID
INV-AF04A01E,ORD-D5587010,2025-03-23,2036.63,386.96,2423.59,COP,2026-04-15,VOID
INV-2DD205E6,ORD-8A50BD57,2025-08-25,426.33,81.0,507.33,USD,2025-11-03,VOID
INV-CB0FB554,ORD-EAFFB333,2024-11-01,3681.25,699.44,4380.6900000000005,COP,2025-06-09,PAID
INV-9BD441A6,ORD-C1BA1623,2026-05-14,1366.5,259.63,1626.13,MXN,2026-06-15,PAID
INV-F81529C6,ORD-CDE15C3E,2026-04-20,2155.15,409.48,2564.63,MXN,2026-06-20,VOID
INV-019FA738,ORD-7845E0FF,2026-05-06,1686.43,320.42,2006.8500000000001,COP,2026-05-24,UNPAID
INV-5AD0BCEB,ORD-ECA9EB9D,2026-03-10,3362.51,638.88,4001.3900000000003,USD,2026-06-12,VOID
INV-8AA8BCDD,ORD-09E6C510,2025-03-15,3989.03,1994.52,5983.55,MXN,2025-02-11,PAID
INV-6F3F7DE4,ORD-6BDC01B5,2026-01-01,2710.31,514.96,3225.27,EUR,2026-06-24,VOID
INV-E96D568F,ORD-700D5278,2024-08-08,3031.32,575.95,3607.2700000000004,COP,2025-04-13,VOID
INV-179D57A0,ORD-D784A939,2025-12-29,1345.76,255.69,1601.45,USD,2025-01-13,PARTIAL
INV-FCBBE186,ORD-0F24E803,2024-11-27,2092.27,397.53,2489.8,COP,2025-10-26,PARTIAL
INV-D81AB0FB,ORD-7FB14B4B,2025-09-30,193.23,36.71,229.94,USD,2026-01-15,VOID
INV-9683DB86,ORD-8C513A02,2026-03-28,2150.28,408.55,2558.8300000000004,COP,2026-03-15,PARTIAL
INV-530D9359,ORD-CEE0B7F5,2025-10-11,1861.58,353.7,2215.2799999999997,EUR,2026-02-16,UNPAID
INV-DF58F6E1,ORD-12250B77,2026-05-24,3296.89,626.41,3923.2999999999997,COP,2026-06-15,PAID
INV-D67DCFED,ORD-4BBA8A39,2025-03-25,1872.05,355.69,2227.74,EUR,2025-08-14,PARTIAL
INV-D5D8E0BD,ORD-E5845C89,2026-04-02,1885.73,358.29,2244.02,USD,2025-12-12,PARTIAL
INV-A28BC59F,ORD-5DF1F49B,2026-03-18,3463.91,658.14,4122.05,USD,2025-06-07,UNPAID
INV-5A039041,,2026-04-18,3808.57,723.63,4532.2,COP,2026-01-11,PAID
INV-DEBC795C,ORD-0695A0BA,2025-11-14,1959.3,372.27,2331.5699999999997,USD,2025-10-09,PAID
INV-AE595A18,,2026-02-26,1464.37,278.23,1742.6,COP,2026-04-08,UNPAID
INV-084377C9,ORD-E6B39DE4,2025-07-26,496.76,94.38,591.14,USD,2025-09-20,PAID
INV-DCED669A,ORD-D13A895F,2025-07-04,2935.82,557.81,3493.63,USD,2026-01-13,UNPAID
INV-B64F7030,ORD-0216D820,2025-06-05,3294.27,3920.18,7214.45,USD,2026-03-11,UNPAID
INV-FC783AAF,ORD-8099527A,2026-02-15,3718.02,706.42,4424.44,MXN,2026-01-28,VOID
INV-2FF93009,ORD-7630B50D,2026-04-30,3847.33,730.99,4578.32,USD,2025-07-16,PAID
INV-FCECEABA,ORD-6983E150,2025-06-30,3241.39,615.86,3857.25,USD,2025-03-03,UNPAID
INV-DB9F0820,ORD-835CF16B,2024-12-16,2882.78,547.73,3430.51,USD,2025-11-14,PAID
INV-46EB0138,ORD-FD922B6F,2024-07-26,4958.92,942.19,5901.110000000001,MXN,2024-11-04,UNPAID
INV-9BEFB06B,ORD-1D7A9181,2026-04-26,1127.39,214.2,1341.5900000000001,MXN,2026-06-06,PAID
INV-0E51DCA6,ORD-28ACE558,2025-07-21,4340.7,824.73,5165.43,COP,2025-10-22,UNPAID
INV-E8047E04,ORD-84ECD2AE,2025-12-11,2177.79,413.78,2591.5699999999997,MXN,2026-01-26,VOID
INV-A7565DCE,ORD-B51DD156,2026-05-08,2504.86,475.92,2980.78,MXN,2026-02-20,PAID
INV-05FFB6EB,ORD-C4E8870D,2024-07-22,509.47,96.8,606.27,COP,2026-04-15,PAID
INV-0F5B0F76,ORD-6CADB4C1,2026-02-13,2887.99,548.72,3436.71,USD,2026-01-26,PAID
INV-908BCECB,ORD-0C6E2D47,2026-04-19,2920.99,554.99,3475.9799999999996,COP,2026-06-24,PAID
INV-88EF88F7,ORD-E3B9B408,2026-01-08,1116.69,212.17,1328.8600000000001,EUR,2025-06-26,VOID
INV-1296E233,ORD-A6ADE006,2026-03-21,2731.47,518.98,3250.45,COP,2026-03-10,PARTIAL
INV-7A169931,ORD-C73DB7D2,2026-04-11,4821.08,916.01,5737.09,EUR,2026-04-18,PARTIAL
INV-57A01130,ORD-4FAADD5B,2026-02-03,3489.54,663.01,4152.55,EUR,2026-02-27,PARTIAL
INV-9F81EB5F,ORD-C4480511,2025-10-02,4721.46,897.08,5618.54,EUR,2025-06-30,PARTIAL
INV-3B00423A,ORD-664E8907,2024-08-01,1697.94,322.61,2020.5500000000002,MXN,2024-08-21,PAID
INV-8EF2627D,ORD-6196EC64,2025-09-15,3530.09,670.72,4200.81,USD,2024-12-17,UNPAID
INV-6B5A303D,ORD-6650AEE8,2026-01-10,4393.38,834.74,5228.12,USD,2026-06-16,PARTIAL
INV-363D0234,ORD-2CEA4994,2025-12-22,3171.43,602.57,3774.0,MXN,2026-02-05,PAID
INV-3B7EEBE6,ORD-3B41E31A,2025-08-10,4628.25,879.37,5507.62,EUR,2026-05-29,UNPAID
INV-ADD2804C,ORD-D6759C5E,2025-11-10,3307.69,628.46,3936.15,EUR,2026-02-14,UNPAID
INV-473BE44D,ORD-C0ED0AFD,2026-01-22,2088.72,396.86,2485.58,USD,2026-05-14,PAID
INV-A5E04D58,,2026-04-01,3160.41,600.48,3760.89,COP,2025-11-20,PARTIAL
INV-1A47D361,ORD-A927FD46,2025-09-23,904.97,171.94,1076.91,MXN,2026-01-21,PARTIAL
INV-EF6252A6,ORD-9379D429,2025-04-30,1809.23,343.75,2152.98,EUR,2025-07-27,UNPAID
INV-2AB5B654,ORD-57C168FB,2026-02-03,3505.91,666.12,4172.03,MXN,2024-12-29,UNPAID
INV-BD1F8D7F,ORD-DD45A2DB,2024-11-28,4654.58,884.37,5538.95,USD,2025-03-18,VOID
INV-3280D327,ORD-77125222,2026-04-19,3433.4,652.35,4085.75,USD,2025-11-14,PAID
INV-85F08D31,ORD-B4A31D6A,2026-03-10,494.82,94.02,588.84,EUR,2026-06-13,UNPAID
INV-84F6DC5D,ORD-1FEBF83D,2025-12-22,4304.25,817.81,5122.0599999999995,USD,2025-12-29,PARTIAL
INV-C4229325,ORD-1DB1C0B0,2026-05-20,-3621.59,-688.1,-4309.6900000000005,USD,2026-06-15,PARTIAL
INV-04FBF2F9,ORD-1A62DE3E,2026-05-25,1326.09,251.96,1578.05,EUR,2026-06-05,UNPAID
INV-AA15A7D3,ORD-ACB88598,2026-02-06,4999.94,949.99,5949.929999999999,EUR,2026-03-29,VOID
INV-22BBD95C,ORD-3E042026,2025-10-17,2823.57,536.48,3360.05,EUR,2025-07-10,PAID
INV-D4559B72,ORD-29D63050,2026-05-08,3649.02,693.31,4342.33,USD,2026-01-25,VOID
INV-B254036A,ORD-670AF69A,2026-03-29,3250.61,617.62,3868.23,USD,2026-01-12,VOID
INV-89812BB0,ORD-C1CB9833,2026-02-17,985.11,187.17,1172.28,COP,2026-03-15,PARTIAL
INV-1343FA9F,ORD-921565EA,2026-05-20,2518.62,478.54,2997.16,MXN,2026-06-08,UNPAID
INV-B01C5C83,ORD-DD0D27DD,2026-01-11,1770.69,336.43,2107.12,USD,2026-03-29,VOID
INV-A052CEA6,ORD-DBEE466A,2026-04-16,2950.6,560.61,3511.21,USD,2026-05-01,UNPAID
INV-C8F0EA4F,,2025-07-12,705.27,134.0,839.27,EUR,2025-09-19,PARTIAL
INV-AFED890F,ORD-2BFD154F,2026-05-16,3728.8,708.47,4437.27,MXN,2026-04-28,PAID
INV-0B5B7B3A,ORD-76215B47,2026-05-10,3078.35,584.89,3663.24,MXN,2026-02-25,UNPAID
INV-6263C57B,ORD-459241AC,2026-01-11,478.38,90.89,569.27,MXN,2025-12-08,UNPAID
INV-BB0AD480,,2026-04-24,4404.72,836.9,5241.62,USD,2026-04-29,UNPAID
INV-6BE807A8,ORD-BBBCC3E6,2026-03-09,1203.73,228.71,1432.44,EUR,2026-03-25,PARTIAL
INV-6A486F9F,ORD-721E0A41,2026-03-24,1077.7,204.76,1282.46,USD,2025-01-25,PAID
INV-36D992A4,ORD-CF89E41A,2025-09-26,1023.43,194.45,1217.8799999999999,EUR,2026-01-01,PAID
INV-C36E91D9,ORD-8C240E9B,2026-01-14,4842.92,920.15,5763.07,MXN,2025-12-19,PAID
INV-19765B73,ORD-5F26B776,2026-01-16,550.09,104.52,654.61,MXN,2026-05-02,UNPAID
INV-A6707895,ORD-62DB8D22,2025-06-16,-1958.93,-372.2,-2331.13,EUR,2025-10-27,PARTIAL
INV-D7255066,ORD-36A06105,2025-10-23,1352.22,256.92,1609.14,USD,2026-01-07,VOID
INV-C805CC94,ORD-DCCD5AEC,2026-04-28,3055.58,580.56,3636.14,EUR,2026-02-10,PAID
INV-CD106CD1,ORD-AC97E3D1,2025-08-04,518.29,98.48,616.77,USD,2025-11-15,PARTIAL
INV-5456D7B7,ORD-17F78015,2026-05-22,2315.83,2755.84,5071.67,COP,2026-04-07,PARTIAL
INV-086F398C,ORD-3B2A1678,2025-07-06,1823.96,346.55,2170.51,EUR,2025-12-28,VOID
INV-B147F7A5,,2026-04-08,1936.61,367.96,2304.5699999999997,COP,2025-05-01,UNPAID
INV-633CEF9C,ORD-5639A196,2026-03-26,4929.65,936.63,5866.28,COP,2026-03-31,UNPAID
INV-C95B6B5E,ORD-6F7B99F7,2026-04-15,1771.94,336.67,2108.61,USD,2026-02-12,UNPAID
INV-8876C689,ORD-48FB11F0,2026-04-15,3537.16,672.06,4209.219999999999,USD,2026-06-08,PAID
INV-215A91FA,ORD-948BF086,2026-02-28,373.29,70.93,444.22,EUR,2024-12-13,VOID
INV-58188AA9,ORD-DBDE18E8,2026-01-01,4852.42,921.96,5774.38,EUR,2026-06-10,PAID
INV-107ED9AF,ORD-A82CBED3,2025-11-14,4596.36,873.31,5469.67,EUR,2026-05-19,UNPAID
INV-A999E3E4,ORD-F61C1661,2025-12-05,2479.67,471.14,2950.81,EUR,2025-07-29,PAID
INV-1749F8F7,ORD-8C91F81C,2026-05-11,3458.9,657.19,4116.09,COP,2026-04-05,PAID
INV-1515E388,ORD-FCC40681,2026-02-25,198.47,37.71,236.18,MXN,2025-01-08,VOID
INV-094CB544,ORD-80A10327,2025-11-01,2240.59,1120.3,3360.8900000000003,EUR,2025-04-28,PAID
INV-BC5EC5BB,ORD-9E74CB6A,2026-02-24,1806.06,343.15,2149.21,EUR,2025-02-28,PARTIAL
INV-F46869B6,ORD-A519C3E8,2025-11-28,335.9,63.82,399.71999999999997,EUR,2025-09-30,UNPAID
INV-93814ED2,ORD-C6477F74,2026-03-20,4763.89,905.14,5669.030000000001,USD,2026-06-17,VOID
INV-F2968DBC,ORD-6B6B6654,2025-11-23,2629.51,499.61,3129.1200000000003,EUR,2025-10-24,UNPAID
INV-962444B7,ORD-70F8C810,2026-02-27,2957.66,561.96,3519.62,MXN,2026-03-20,UNPAID
INV-A1BB6E1B,ORD-B60147C8,2026-05-08,4896.22,930.28,5826.5,MXN,2026-05-06,UNPAID
INV-F3E321FF,ORD-5054E429,2025-07-10,-3324.46,-1662.23,-4986.6900000000005,EUR,2025-06-06,UNPAID
INV-B3DBAE46,ORD-1B1E1933,2026-05-19,3937.75,748.17,4685.92,COP,2026-06-17,PARTIAL
INV-0B3671BB,ORD-17B76C8D,2026-03-28,4062.7,771.91,4834.61,COP,2026-04-20,UNPAID
INV-D492E338,ORD-66B3335B,2026-03-27,3057.55,580.93,3638.48,USD,2025-11-01,PARTIAL
INV-B9EEBED3,ORD-D9800E46,2026-02-24,1059.84,201.37,1261.21,EUR,2025-10-17,PARTIAL
INV-A5465C97,ORD-974B3906,2026-04-07,3524.87,669.73,4194.6,EUR,2024-11-13,UNPAID
INV-999CAC54,ORD-F127BAA7,2026-04-06,1797.42,341.51,2138.9300000000003,MXN,2026-06-15,PAID
INV-0847AE0F,ORD-1B310631,2025-05-20,3595.92,4279.14,7875.06,USD,2025-03-14,UNPAID
INV-CD6AF85B,ORD-FF23DC19,2026-01-23,3265.85,620.51,3886.3599999999997,EUR,2026-03-24,VOID
INV-83E44F53,ORD-D4DAB805,2026-02-17,511.85,97.25,609.1,EUR,2025-11-28,UNPAID
INV-E1380195,,2026-03-13,3566.76,677.68,4244.4400000000005,EUR,2026-03-01,VOID
INV-41D0BE15,ORD-94AFE8B9,2026-04-24,1818.03,345.43,2163.46,EUR,2026-06-12,VOID
INV-56E04335,ORD-999BC180,2025-07-07,1144.75,217.5,1362.25,USD,2025-11-08,PARTIAL
INV-B5F016AE,ORD-49C7F370,2026-03-21,2875.07,546.26,3421.33,MXN,2025-10-03,VOID
INV-5D030F8B,ORD-84D473CC,2025-08-29,3784.95,719.14,4504.09,COP,2025-04-17,PAID
INV-B809C5F9,ORD-8A868900,2026-02-23,3748.4,4460.6,8209.0,COP,2026-01-02,UNPAID
INV-CFBB37C4,ORD-535FFAC6,2025-08-02,3883.38,737.84,4621.22,COP,2025-02-20,PARTIAL
INV-52CA728B,ORD-AA47A2FF,2025-09-04,751.21,893.94,1645.15,COP,2026-01-28,PARTIAL
INV-D606A6E1,ORD-50F23983,2026-02-25,4304.0,817.76,5121.76,EUR,2026-02-03,PARTIAL
INV-2C67E9F6,ORD-0B7E51DD,2025-03-30,3043.86,578.33,3622.19,EUR,2025-03-22,UNPAID
INV-2FBCD67A,ORD-722C6CF7,2026-05-25,3922.47,745.27,4667.74,USD,2026-05-27,PARTIAL
INV-0815A485,ORD-308C4FB3,2025-02-22,3855.2,732.49,4587.69,COP,2025-05-17,VOID
INV-2A2B4D1A,ORD-7BAD8BC6,2026-01-31,2992.76,568.62,3561.38,MXN,2026-01-17,UNPAID
INV-A16DFAE6,ORD-0B785AC8,2026-03-27,4203.98,798.76,5002.74,USD,2024-10-03,UNPAID
INV-6F1F0366,ORD-F605AA9C,2026-04-28,3598.15,683.65,4281.8,MXN,2025-01-11,PAID
INV-B889CC66,ORD-9E8A8597,2025-07-30,53.4,10.15,63.55,COP,2026-05-25,VOID
INV-2B692471,ORD-021CFACB,2025-11-23,1841.73,349.93,2191.66,COP,2025-09-08,PARTIAL
INV-DDEF33AA,ORD-69E8D3A4,2026-05-25,982.67,186.71,1169.3799999999999,MXN,2026-05-13,UNPAID
INV-27BDFCCD,ORD-15CF7F1A,2026-03-31,678.03,128.83,806.86,MXN,2026-06-11,UNPAID
INV-1B68D638,ORD-6D55621B,2026-04-17,1553.5,295.17,1848.67,COP,2026-05-17,UNPAID
INV-DE785BD5,ORD-29A1C842,2026-05-20,4029.89,765.68,4795.57,USD,2026-06-13,PARTIAL
INV-DC710B9E,ORD-4840EE5D,2026-04-29,3412.45,648.37,4060.8199999999997,COP,2026-05-15,PAID
INV-31DBE7A5,ORD-80244DC6,2025-04-22,4850.85,921.66,5772.51,COP,2025-10-21,UNPAID
INV-0D96C7D6,ORD-63D8BDCC,2025-09-16,407.66,77.46,485.12,USD,2026-05-20,PARTIAL
INV-97AC2965,ORD-08D2CDCA,2025-07-04,3561.27,676.64,4237.91,EUR,2026-02-17,PAID
INV-03406EDC,ORD-03E5CD74,2026-05-03,4775.74,907.39,5683.13,MXN,2026-06-04,VOID
INV-C26F980E,ORD-5A3F3952,2025-12-28,2974.86,1487.43,4462.29,COP,2026-06-09,PARTIAL
INV-E3BE9F35,ORD-1F5AF8FB,2025-12-16,2996.04,1498.02,4494.0599999999995,COP,2026-02-16,VOID
INV-C58E9951,ORD-9F49E457,2026-01-17,4441.46,843.88,5285.34,COP,2026-01-12,PARTIAL
INV-763B43B7,ORD-4D30EF2C,2026-02-05,3744.24,711.41,4455.65,USD,2026-02-03,UNPAID
INV-43B46106,ORD-5DC98246,2026-05-09,3567.25,677.78,4245.03,EUR,2025-12-31,PAID
INV-AAB1DA7E,ORD-E72C7890,2026-05-19,2213.67,420.6,2634.27,MXN,2025-06-18,VOID
INV-EFB8E600,ORD-8E870678,2024-12-26,878.53,166.92,1045.45,EUR,2025-11-06,PARTIAL
INV-DB1DE157,ORD-BCE0C907,2026-03-17,3444.52,654.46,4098.98,COP,2026-06-18,VOID
INV-BFA025FB,ORD-049B91B0,2025-07-05,2384.41,453.04,2837.45,MXN,2026-05-15,PAID
INV-449D5C8D,ORD-23A5DFF7,2025-01-12,68.47,13.01,81.48,EUR,2025-02-19,UNPAID
INV-113FFB99,ORD-B5542048,2026-01-25,3961.17,752.62,4713.79,EUR,2026-01-05,PARTIAL
INV-7B46A053,ORD-6E4EB84F,2026-02-25,3623.52,688.47,4311.99,MXN,2026-04-18,UNPAID
INV-76158D02,ORD-3B4AFEDF,2025-04-11,2015.61,382.97,2398.58,MXN,2026-04-14,PAID
INV-5803E721,ORD-8F21E8EC,2025-12-31,3426.94,651.12,4078.06,MXN,2026-01-01,PARTIAL
INV-EFEF36EE,ORD-C134618F,2026-05-20,1327.14,252.16,1579.3000000000002,EUR,2024-11-24,PAID
INV-678EF2BF,,2025-10-02,3462.27,657.83,4120.1,EUR,2025-11-13,PAID
INV-8C7F6489,ORD-D55CEC3A,2026-01-13,1087.52,1294.15,2381.67,COP,2026-01-05,PARTIAL
INV-5F9F28DD,ORD-8E2E8DC8,2026-03-17,411.22,78.13,489.35,USD,2024-06-18,PAID
INV-821D06DD,ORD-ADF8BF95,2026-04-12,4282.08,813.6,5095.68,COP,2026-01-14,UNPAID
INV-8E456886,ORD-55957D5F,2025-09-28,214.13,40.68,254.81,USD,2025-04-06,PAID
INV-F078EF64,ORD-C215821F,2026-01-18,1034.11,196.48,1230.59,COP,2025-06-06,VOID
INV-17FBFC42,ORD-C6FF954A,2026-03-22,2646.64,502.86,3149.5,COP,2026-02-12,UNPAID
INV-FEE19570,ORD-16ED9108,2025-02-02,3162.76,600.92,3763.6800000000003,MXN,2025-07-22,UNPAID
INV-9153E003,ORD-631947B6,2025-06-03,3084.83,586.12,3670.95,USD,2025-05-24,PARTIAL
INV-32952805,ORD-4E38B2D4,2025-09-18,4014.77,762.81,4777.58,MXN,2026-06-09,PAID
INV-21A98A56,ORD-445751BC,2026-05-18,1965.42,373.43,2338.85,USD,2026-04-06,VOID
INV-5D2099DE,ORD-7D2811FA,2025-09-12,3426.02,650.94,4076.96,USD,2025-07-27,UNPAID
INV-33399850,ORD-8939F74A,2026-03-28,2148.85,408.28,2557.13,USD,2026-02-26,PAID
INV-C25CA547,ORD-46183169,2025-09-12,4747.02,901.93,5648.950000000001,MXN,2025-07-24,UNPAID
INV-AF8AA755,ORD-BCFFB3FF,2025-04-03,3735.68,709.78,4445.46,EUR,2025-09-09,PAID
INV-2C73476F,ORD-509814A6,2026-04-14,1400.82,1666.98,3067.8,USD,2026-05-16,VOID
INV-F117B0D1,ORD-B2562CFC,2026-05-11,3024.14,574.59,3598.73,USD,2026-04-01,UNPAID
INV-F47A8193,ORD-0055B7D8,2026-02-16,324.04,61.57,385.61,MXN,2026-01-06,PARTIAL
INV-970E31E4,ORD-CD5AB971,2026-02-22,3547.29,673.99,4221.28,USD,2025-12-17,UNPAID
INV-1960C6AE,ORD-33BC3C07,2026-05-14,4353.28,0.0,4353.28,USD,2026-03-16,VOID
INV-28C74B47,ORD-64E37441,2026-03-10,1369.07,260.12,1629.19,EUR,2026-02-21,VOID
INV-7DC0242F,ORD-92042EEE,2025-08-30,4760.63,904.52,5665.15,MXN,2025-09-15,PAID
INV-4B7B8D0C,ORD-D1730C9A,2026-03-11,3923.67,745.5,4669.17,EUR,2026-06-23,UNPAID
INV-8C6A6D9B,ORD-AE9B9636,2026-04-04,2471.7,2941.32,5413.02,COP,2026-04-24,VOID
INV-8E606FAA,ORD-A243D59D,2025-10-15,2612.85,496.44,3109.29,USD,2025-06-01,UNPAID
INV-B41865F4,ORD-C4BEA518,2025-12-23,163.49,31.06,194.55,USD,2026-04-15,PARTIAL
INV-DC1CA9B1,ORD-5588E5C9,2025-12-03,2363.34,449.03,2812.37,COP,2025-10-12,VOID
INV-A4F873CA,ORD-F10230AC,2025-01-30,4238.39,805.29,5043.68,MXN,2026-04-13,VOID
INV-5F1C902F,ORD-EF6791B6,2025-10-24,4831.86,918.05,5749.91,MXN,2025-06-27,PARTIAL
INV-7EF7B53B,ORD-CD7A1D02,2026-05-06,107.95,20.51,128.46,COP,2026-02-11,UNPAID
INV-69FBCE78,ORD-3479E48E,2025-12-14,1373.27,260.92,1634.19,COP,2026-06-19,UNPAID
INV-2A8BDCCB,ORD-C4CE1D19,2025-05-06,-1021.57,-194.1,-1215.67,COP,2025-12-14,VOID
INV-D5258D42,ORD-9EC4D786,2026-02-17,-3465.99,-658.54,-4124.53,COP,2025-07-24,PAID
INV-9E2B5770,ORD-818C7F71,2025-05-22,986.25,187.39,1173.6399999999999,MXN,2026-06-01,PAID
INV-3BF11578,ORD-9FC9EDA8,2025-11-02,459.4,87.29,546.6899999999999,EUR,2025-11-04,UNPAID
INV-F4F85307,,2025-08-06,2776.59,527.55,3304.1400000000003,MXN,2025-10-07,PARTIAL
INV-8C8637F8,ORD-D840FD58,2026-05-12,216.69,41.17,257.86,MXN,2026-02-28,VOID
INV-C6D5BC96,ORD-D55A082B,2026-05-16,3917.13,744.25,4661.38,EUR,2026-05-19,VOID
INV-809FCC6E,,2025-03-14,1133.78,215.42,1349.2,COP,2026-02-23,PAID
INV-7890152D,ORD-1E09F522,2026-04-26,4893.43,929.75,5823.18,EUR,2026-04-14,UNPAID
INV-5D694936,ORD-F984E1F8,2025-11-21,1081.98,205.58,1287.56,COP,2025-11-25,VOID
INV-C1255CCD,,2024-12-22,4554.74,865.4,5420.139999999999,MXN,2025-06-26,PAID
INV-85FBA303,ORD-CFB489F5,2026-02-16,4131.55,784.99,4916.54,EUR,2026-03-27,PARTIAL
INV-BF11FB44,ORD-15AB577D,2025-11-13,1670.72,317.44,1988.16,EUR,2025-11-07,PAID
INV-3194ECE5,ORD-872242C6,2026-05-23,1843.57,350.28,2193.85,USD,2026-03-11,VOID
INV-60692251,ORD-BA59ACA8,2026-03-07,1256.21,1494.89,2751.1000000000004,EUR,2026-04-17,PAID
INV-D11F112A,ORD-82AAF3A7,2025-11-15,619.89,117.78,737.67,MXN,2026-02-14,VOID
INV-64A8ADA7,ORD-D9C5C0C4,2026-02-22,253.3,48.13,301.43,EUR,2025-09-14,UNPAID
INV-DEFEA65D,ORD-D61BF839,2025-11-16,2260.85,429.56,2690.41,USD,2025-06-26,PARTIAL
INV-608DFE7B,ORD-204E0E2F,2025-12-19,4375.7,831.38,5207.08,USD,2025-09-24,PAID
INV-4A042B3B,ORD-4F7F85A7,2026-02-01,4468.9,849.09,5317.99,COP,2025-09-19,UNPAID
INV-BE3DFFB6,ORD-EE1CF2D2,2025-05-20,1682.97,319.76,2002.73,EUR,2026-04-27,UNPAID
INV-A7AB1C27,ORD-27A53571,2026-05-09,3684.48,700.05,4384.53,EUR,2026-05-18,PAID
INV-AFBEF2C6,,2025-03-12,2507.36,476.4,2983.76,USD,2026-03-01,PARTIAL
INV-9B4DFD7A,ORD-5D10562E,2026-05-04,1798.3,341.68,2139.98,EUR,2026-04-02,PAID
INV-8E989023,ORD-01FDC597,2025-09-04,317.14,60.26,377.4,USD,2026-05-22,PAID
