order_id,client_id,order_date,service_type,amount,status
ORD-A3DFF5F0,CLI-63A1BCAA,2025-08-10,SaaS,2301.97,COMPLETED
ORD-651FD429,CLI-F785DCC1,2025-07-01,Support,1471.65,CANCELLED
ORD-D66EC576,CLI-C0FCE144,2025-11-23,Setup,4719.26,CANCELLED
ORD-998C603A,CLI-3A4317A1,2026-05-22,Setup,4296.74,COMPLETED
ORD-041B4C79,CLI-89B3889D,2024-10-29,Consulting,1532.61,PENDING
ORD-E75680BB,CLI-635A11F2,2025-04-10,Support,1544.76,PENDING
ORD-0D250730,CLI-C0FCE144,2024-11-20,Consulting,1889.26,CANCELLED
ORD-DF42CA29,CLI-22D839D3,2025-04-06,Setup,312.94,PENDING
ORD-5A3C49E0,CLI-52555C75-DUP,2025-01-22,Setup,250.6,CANCELLED
ORD-826F081A,CLI-INVALID-203,2024-10-31,Setup,772.4,COMPLETED
ORD-5E331ED8,CLI-799F52C0,2024-07-01,SaaS,4002.63,PENDING
ORD-90FC59ED,CLI-D139E6D8,2025-05-29,Consulting,2594.16,PENDING
ORD-C3198F41,CLI-2C78BC22,2026-03-24,SaaS,2227.31,CANCELLED
ORD-31CA528C,CLI-712C3126,2025-03-26,Consulting,1140.18,PENDING
ORD-10F455E5,CLI-DBC6C928,2024-09-21,SaaS,2862.52,PENDING
ORD-7E54DA1E,CLI-1C86CF6F,2024-08-16,Support,1134.52,PENDING
ORD-E6BD4BBC,CLI-D059B594,2026-01-10,Setup,4780.56,CANCELLED
ORD-476A3991,CLI-DD42DA67,2026-01-04,Consulting,3355.37,COMPLETED
ORD-B96A3419,CLI-30E912F2,2026-05-19,SaaS,1397.33,CANCELLED
ORD-C891E9BC,CLI-44725AB7,2024-11-01,Consulting,1325.33,PENDING
ORD-6B56B091,CLI-76B874D3,2025-07-13,Setup,3502.04,COMPLETED
ORD-ED167EC3,CLI-974E598D,2026-03-06,Support,2431.81,PENDING
ORD-4ED992E0,CLI-94B59339,2024-11-13,Support,2392.21,PENDING
ORD-560B63A9,CLI-F9690579,2024-09-18,Setup,4254.78,CANCELLED
ORD-8A55B7C4,CLI-D0207EDE,2025-04-03,SaaS,548.27,CANCELLED
ORD-D7F4D848,CLI-DBC6C928,2025-02-17,Setup,60.33,CANCELLED
ORD-15149D1A,CLI-3D131A3D,2026-05-17,SaaS,4469.75,COMPLETED
ORD-9D8D2752,CLI-28317F0D,2026-01-26,SaaS,4129.75,CANCELLED
ORD-B32F7256,CLI-42E6918C,2025-06-05,Support,2338.57,CANCELLED
ORD-79004406,CLI-444122A5,2026-01-07,Setup,208.57,CANCELLED
ORD-CB5475BF,CLI-331BD602,2026-05-14,Setup,3543.0,CANCELLED
ORD-9672663F,CLI-DD42DA67,2026-02-23,Consulting,2333.37,COMPLETED
ORD-944B0F07,CLI-799F52C0,2024-11-15,Support,3627.71,PENDING
ORD-4D73A782,CLI-6E988798,2026-04-10,Consulting,3239.34,PENDING
ORD-DA62A307,CLI-402913EC,2026-01-02,Support,1984.43,COMPLETED
ORD-2205F294,CLI-8224DA50-DUP,2026-01-11,Support,4834.44,CANCELLED
ORD-C8803BAE,CLI-4D334878,2024-09-22,Setup,3769.99,PENDING
ORD-8345D6D3,CLI-B1AC040D,2025-08-09,Setup,4942.43,COMPLETED
ORD-9D689315,CLI-56830783,2025-02-21,SaaS,3865.76,COMPLETED
ORD-A89E4FA6,CLI-1C86CF6F,2026-02-11,Setup,4847.91,CANCELLED
ORD-C50BD5B9,CLI-003742AE,2026-04-19,SaaS,4968.47,PENDING
ORD-96DDB159,CLI-EC814510,2025-08-26,SaaS,3791.08,PENDING
ORD-D5B5984B,CLI-FECFC0DB,2025-07-30,Support,4574.82,PENDING
ORD-410F71DF,CLI-44725AB7,2025-03-09,SaaS,4268.22,CANCELLED
ORD-0C3A3ED8,CLI-0E512083,2026-04-25,Setup,4762.44,CANCELLED
ORD-C4D6AFC4,CLI-INVALID-989,2025-08-06,SaaS,4765.36,PENDING
ORD-FD414341,CLI-4A1A4219,2025-03-05,Setup,2784.18,COMPLETED
ORD-197634E5,CLI-INVALID-539,2024-08-27,Setup,444.4,COMPLETED
ORD-5C86A6F9,CLI-27177E59,2024-08-04,Setup,2107.1,PENDING
ORD-3D533DEE,CLI-C1E1B94A,2024-07-12,Setup,820.06,COMPLETED
ORD-771DB808,CLI-716FB276,2025-06-02,Support,1720.77,CANCELLED
ORD-3075F9AF,CLI-07275940,2025-06-27,Setup,1813.48,CANCELLED
ORD-103D24CF,CLI-7C5308BF,2024-09-20,Setup,3120.69,COMPLETED
ORD-63A7BC90,CLI-3DE667F9,2025-12-25,Support,4627.33,COMPLETED
ORD-C601B22F,CLI-52555C75-DUP,2025-07-27,SaaS,2042.17,CANCELLED
ORD-63247E63,CLI-99EA5BBD,2025-01-15,Setup,4672.29,COMPLETED
ORD-EF15627D,CLI-F8C88FAE,2025-02-21,Setup,981.0,PENDING
ORD-85406ADB,CLI-72D8567D,2025-07-09,SaaS,4316.93,CANCELLED
ORD-9FFC7F2B,CLI-1F8C56E0,2026-01-07,Setup,2790.25,COMPLETED
ORD-4CDA3E1C,CLI-2D1594CB,2025-09-22,Consulting,2156.92,CANCELLED
ORD-130BB2A3,CLI-D3D4DDD3,2026-05-07,Setup,4996.44,COMPLETED
ORD-2F4D7D4A,CLI-50FD9D3F-DUP,2025-10-27,Consulting,1534.11,CANCELLED
ORD-1FAC9217,CLI-F8F9A45D,2024-10-05,Consulting,521.03,CANCELLED
ORD-E9B89CAF,CLI-ECF32053,2026-02-12,Setup,1418.75,CANCELLED
ORD-6B905645,CLI-4CB9BE7B,2024-07-31,Setup,2048.07,PENDING
ORD-7A1B2BB4,CLI-C5811D2D,2024-06-25,Setup,516.86,PENDING
ORD-55852445,CLI-D9CB3540,2024-09-25,SaaS,2974.73,CANCELLED
ORD-DD23A782,CLI-E49D681D,2025-10-05,Consulting,3657.31,PENDING
ORD-30034603,CLI-11B7E948,2025-05-20,Consulting,4381.61,COMPLETED
ORD-22DEB12C,CLI-CE4F4C66,2025-03-16,Support,3351.07,CANCELLED
ORD-A5F97430,CLI-9AB8180F,2025-08-10,SaaS,3101.1,COMPLETED
ORD-A40CD0EE,CLI-581E60EF,2025-07-23,Consulting,3746.59,COMPLETED
ORD-2209CD5F,CLI-36760CE5,2026-04-30,Setup,1287.48,COMPLETED
ORD-57632BE7,CLI-AB9099A4,2024-10-22,Consulting,3600.32,COMPLETED
ORD-466AA217,CLI-0BBF6334,2025-04-14,Consulting,1659.3,CANCELLED
ORD-3E2613AB,CLI-5EEF0D1E,2025-05-18,Setup,1798.23,PENDING
ORD-0F417135,CLI-9ACB394A,2025-11-23,Setup,2194.8,COMPLETED
ORD-03864649,CLI-2F23CD0C,2025-05-05,SaaS,1471.69,CANCELLED
ORD-D6E75F73,CLI-99FF70C6,2025-05-08,Support,3239.04,PENDING
ORD-7C641C58,CLI-59008D65,2025-03-02,Consulting,2218.74,COMPLETED
ORD-84381157,CLI-F4AC27EF,2025-12-30,Support,2634.04,COMPLETED
ORD-3E8A1072,CLI-2BA6ADB3,2025-11-29,Consulting,4429.8,CANCELLED
ORD-C50A2D22,CLI-A42D0CD7-DUP,2025-07-03,Setup,66.69,COMPLETED
ORD-B22ED234,CLI-A37AFC5C,2026-01-03,Consulting,586.91,CANCELLED
ORD-78CB7469,CLI-05D0F23A,2025-08-24,Consulting,4805.24,PENDING
ORD-3A4287F3,CLI-12FE28BF,2025-04-04,SaaS,1816.56,CANCELLED
ORD-7792BE47,CLI-AAB07015,2025-03-22,SaaS,4484.83,COMPLETED
ORD-41A722D6,CLI-3F05344C,2024-06-02,Support,1142.62,COMPLETED
ORD-3C98FE89,CLI-C976EC61,2025-08-15,SaaS,4454.52,PENDING
ORD-BA89C34B,CLI-651A6277,2024-05-29,Support,3460.53,COMPLETED
ORD-471560E4,CLI-4B77CF1C,2024-05-25,Setup,545.46,PENDING
ORD-0577F0C3,CLI-165EFFD1,2025-09-24,Consulting,863.26,COMPLETED
ORD-21F3EB6F,CLI-2EB23CA3,2024-12-26,SaaS,273.76,CANCELLED
ORD-5DDC46F0,CLI-B028BAFC,2025-08-26,Setup,715.85,CANCELLED
ORD-2BDF3DF4,CLI-94B59339,2025-02-22,Consulting,363.18,CANCELLED
ORD-6F4327CC,CLI-70BF1783,2024-11-08,Consulting,3833.87,PENDING
ORD-3730BF79,CLI-E12DEF58,2026-04-22,Support,829.12,COMPLETED
ORD-D5EB6F69,CLI-A61BDC7D,2024-06-08,Support,1338.13,PENDING
ORD-B1CBE822,CLI-84C62E4B,2024-08-25,SaaS,2351.1,COMPLETED
ORD-229DA816,CLI-5807CF74,2024-07-02,Consulting,2003.3,CANCELLED
ORD-E2696A73,CLI-D5AD86BC,2024-07-18,SaaS,1240.39,PENDING
ORD-7D91F485,CLI-B1AC040D,2026-02-05,Consulting,1693.78,COMPLETED
ORD-B88E33D1,CLI-56B09052,2025-08-31,SaaS,492.45,CANCELLED
ORD-C3F67602,CLI-4A74982E,2024-06-02,SaaS,3422.63,CANCELLED
ORD-CED7430D,CLI-70C2903F,2025-09-02,SaaS,3629.3,COMPLETED
ORD-5F1D3663,CLI-FA6D81EE,2024-07-05,SaaS,4036.6,CANCELLED
ORD-A54680AD,CLI-2ED0B0B2,2024-12-22,Setup,1598.58,PENDING
ORD-4984E0AB,CLI-285EED0A,2025-05-19,SaaS,4073.19,COMPLETED
ORD-780826FF,CLI-A6091AD0,2024-06-23,Support,1480.44,PENDING
ORD-5868FFDA,CLI-E88DA719,2025-09-02,SaaS,291.82,PENDING
ORD-CC361369,CLI-D98F5E83,2024-12-07,Consulting,2055.66,PENDING
ORD-BAC70B9C,CLI-0C5C9940,2024-06-24,SaaS,1862.74,CANCELLED
ORD-75C41C37,CLI-DC160E3D,2025-08-19,SaaS,1079.19,CANCELLED
ORD-6444EA5B,CLI-EAD1D758,2024-11-25,SaaS,350.52,CANCELLED
ORD-F2CD4E4B,CLI-11B7E948,2025-05-06,Consulting,3679.76,CANCELLED
ORD-3E0299F6,CLI-3DE667F9,2024-09-15,SaaS,3831.07,COMPLETED
ORD-AABF222F,CLI-21B6EB84,2025-11-10,Support,1511.0,PENDING
ORD-87400C48,CLI-INVALID-529,2025-04-04,SaaS,3794.57,PENDING
ORD-A1B2A7E5,CLI-5FDC9844,2025-03-06,Setup,4373.55,PENDING
ORD-5E79E796,CLI-EC814510,2025-01-28,Consulting,259.48,PENDING
ORD-4EC75BDC,CLI-2CB37E23,2025-03-21,Setup,4561.59,PENDING
ORD-8E5BEF68,CLI-96418CED-DUP,2025-10-16,Consulting,161.34,PENDING
ORD-B031A179,CLI-FBC1085B,2025-01-28,Setup,714.56,CANCELLED
ORD-C3DA1521,CLI-20156A72,2026-01-17,Consulting,1492.31,CANCELLED
ORD-2433D80D,CLI-42E88605,2026-01-04,SaaS,4423.23,COMPLETED
ORD-F9C04882,CLI-99FF70C6,2024-10-17,SaaS,3620.2,CANCELLED
ORD-E1E3D66C,CLI-7C8B7F1E,2025-03-18,SaaS,716.8,CANCELLED
ORD-F632090A,CLI-AAB07015,2025-01-19,Support,4594.75,COMPLETED
ORD-E44E923A,CLI-46A49F8D,2024-05-31,Consulting,4298.97,COMPLETED
ORD-8CBBCA01,CLI-0A4C9F7F,2024-08-26,SaaS,195.52,COMPLETED
ORD-FA9FDBB3,CLI-F785DCC1,2025-08-03,Support,3202.33,COMPLETED
ORD-4FACA0FF,CLI-4A1A4219,2025-08-09,SaaS,3068.23,CANCELLED
ORD-D68B717E,CLI-68A69E71,2024-06-13,Consulting,1496.61,PENDING
ORD-25DB9DBD,CLI-DB3FB4A2,2024-07-17,Support,3628.62,PENDING
ORD-DB768604,CLI-A52523E3,2025-11-10,Consulting,429.89,CANCELLED
ORD-5665DD0B,CLI-3A4317A1,2024-11-14,Support,262.12,PENDING
ORD-20F8260C,CLI-C24217C5,2025-04-01,SaaS,3731.6,COMPLETED
ORD-E2712FF8,CLI-661423A7,2025-08-12,SaaS,324.17,PENDING
ORD-2CEE1A3A,CLI-406BF02D,2025-12-07,Setup,409.76,PENDING
ORD-7C4243C7,CLI-C84A89B8,2025-08-25,Support,2177.48,PENDING
ORD-0A53D7C4,CLI-AF32BAF8,2024-08-17,Setup,4920.4,CANCELLED
ORD-7A15422E,CLI-11B7E948,2026-02-14,Consulting,4926.48,PENDING
ORD-AAC23302,CLI-3F6C21F7,2025-02-19,SaaS,3243.42,CANCELLED
ORD-4927DB4A,CLI-CAAA5BBE,2025-07-18,SaaS,4966.29,CANCELLED
ORD-92A2319D,CLI-165EFFD1,2025-08-23,Support,2935.35,CANCELLED
ORD-99ADF607,CLI-84C62E4B,2025-11-21,Support,3301.02,COMPLETED
ORD-3F8A16B8,CLI-6F041C76,2024-09-09,SaaS,3928.48,PENDING
ORD-31C78A33,CLI-F7294951,2026-04-21,Consulting,4442.33,COMPLETED
ORD-F8179896,CLI-EAD1D758,2025-04-04,SaaS,4045.03,PENDING
ORD-6AEEA07A,CLI-BE2D740A,2026-05-05,SaaS,2391.24,CANCELLED
ORD-851E4FE8,CLI-2AD88BCA,2025-08-11,Setup,1118.74,CANCELLED
ORD-C1CB8D69,CLI-EC35FB0C,2024-06-06,Setup,4497.68,COMPLETED
ORD-90F6EDCE,CLI-D5DA16FD,2025-08-13,Setup,4442.05,COMPLETED
ORD-441B1A37,CLI-67CBA27A,2024-08-01,Support,3827.37,CANCELLED
ORD-7B5FB427,CLI-97E9AFE2,2026-01-06,SaaS,3170.25,CANCELLED
ORD-C01BA459,CLI-5EEF0D1E,2024-08-20,Consulting,4045.8,PENDING
ORD-459B556F,CLI-F7BCBC14,2025-08-25,SaaS,1240.97,COMPLETED
ORD-99B351A6,CLI-2294FA0A,2025-03-06,Support,-1157.49,COMPLETED
ORD-AB16B1FD,CLI-65E58F34,2024-10-13,Setup,4899.27,COMPLETED
ORD-4B045067,CLI-277D1BE9,2025-08-28,SaaS,1907.2,CANCELLED
ORD-DF30F2F5,CLI-4A74982E,2025-07-24,Support,2068.57,CANCELLED
ORD-044E2D9B,CLI-4B77CF1C,2026-03-10,Support,298.98,PENDING
ORD-67396010,CLI-8C813E53,2025-12-03,Support,338.0,CANCELLED
ORD-7DF9E116,CLI-4024C424,2025-11-05,Support,1755.52,PENDING
ORD-4377BE10,CLI-CAAA5BBE,2024-06-10,Setup,2848.84,COMPLETED
ORD-506F6BC0,CLI-DB3FB4A2,2025-02-10,Consulting,2296.64,COMPLETED
ORD-02B964D6,CLI-5B7117BD,2024-10-21,Consulting,2036.5,CANCELLED
ORD-3CEBCC1D,CLI-73C374A6,2026-01-18,Setup,858.74,COMPLETED
ORD-728EA994,CLI-08F548E7,2024-07-18,Setup,2888.51,PENDING
ORD-240ED1DB,CLI-5E6BA460,2026-02-15,Setup,3643.63,CANCELLED
ORD-73A524C1,CLI-13EECDC6,2024-10-21,Setup,517.86,COMPLETED
ORD-7FE99B4F,CLI-B58194E0,2025-09-24,Consulting,586.0,COMPLETED
ORD-8947494F,CLI-INVALID-265,2026-01-19,SaaS,3213.36,CANCELLED
ORD-BC0B55FE,CLI-3DE667F9,2026-01-21,Support,4656.4,COMPLETED
ORD-D91B8378,CLI-BE2F7685,2025-06-05,Setup,1196.56,PENDING
ORD-C91D95C7,CLI-E9B5C5CF,2025-10-20,Support,2883.51,PENDING
ORD-E67AE19A,CLI-1EAC41D9,2025-03-17,Consulting,3515.55,COMPLETED
ORD-2E31E772,CLI-13D5AC4F,2024-11-04,Setup,1911.78,PENDING
ORD-55C5E74B,CLI-285EED0A,2025-06-23,Support,1997.12,COMPLETED
ORD-2C99562C,CLI-3AF33CC5,2024-07-17,Consulting,794.19,PENDING
ORD-C5C734B4,CLI-B58194E0,2025-10-05,Consulting,3787.07,PENDING
ORD-09AC7BA5,CLI-A358C4D3,2026-02-05,SaaS,4346.98,CANCELLED
ORD-40328C40,CLI-F5F3943A,2025-05-30,Setup,2734.3,CANCELLED
ORD-A127F663,CLI-4024C424,2024-07-12,SaaS,3047.71,PENDING
ORD-092A2783,CLI-E0F3EE66,2025-10-15,Support,2751.18,COMPLETED
ORD-322C519F,CLI-3354B4BE,2025-06-23,Consulting,1214.64,COMPLETED
ORD-A9E7BB4F,CLI-B1FE69B8,2026-05-06,Support,3912.23,CANCELLED
ORD-7F4A3544,CLI-73C374A6-DUP,2025-11-01,Consulting,792.09,COMPLETED
ORD-883A5EF5,CLI-8AA431E9,2025-01-12,SaaS,1020.96,PENDING
ORD-07A7611D,CLI-354F184E,2025-09-22,Setup,3972.41,PENDING
ORD-1FF49019,CLI-75666394,2024-09-24,Consulting,1692.79,CANCELLED
ORD-97F5D628,CLI-3FBACF5F,2025-03-09,Consulting,1378.2,PENDING
ORD-937838F9,CLI-3EB862C6,2026-02-02,Support,1270.79,COMPLETED
ORD-2A17879A,CLI-DB3FB4A2,2024-12-01,Setup,4512.51,COMPLETED
ORD-2AED0848,CLI-F783B6F6,2026-05-03,Consulting,4664.2,PENDING
ORD-1A2B2339,CLI-7F85C4E7,2024-11-04,SaaS,1150.24,CANCELLED
ORD-62E32FA7,CLI-003742AE,2026-04-19,Setup,177.01,COMPLETED
ORD-31B4709C,CLI-212804C5,2025-01-04,SaaS,3876.37,CANCELLED
ORD-7BF7BF91,CLI-52555C75-DUP,2024-09-22,Consulting,418.82,CANCELLED
ORD-64FFF7A6,CLI-1F20C257,2025-01-04,Setup,1382.21,PENDING
ORD-5DB96490,CLI-D14B049B,2025-08-20,Consulting,4146.62,PENDING
ORD-D9FFCACD,CLI-AA29EE4C,2025-01-11,SaaS,4755.58,CANCELLED
ORD-F34C8C78,CLI-2C9DE90A,2025-12-08,SaaS,790.95,COMPLETED
ORD-977BEE96,CLI-E658EB6A,2025-06-11,SaaS,1945.52,CANCELLED
ORD-86DB41B4,CLI-B5A4C55B,2025-07-06,Setup,83.3,PENDING
ORD-6D9B5AA8,CLI-5C65A65C,2025-03-25,Setup,4679.11,CANCELLED
ORD-2AE72B5D,CLI-0F9027D5-DUP,2024-09-03,Setup,3783.74,CANCELLED
ORD-969C382A,CLI-F783B6F6,2025-03-29,Setup,4471.2,PENDING
ORD-153E09BA,CLI-9AB8180F,2026-01-08,Support,688.04,PENDING
ORD-4E8D2654,CLI-E88DA719,2025-02-21,Consulting,4262.52,CANCELLED
ORD-D3BB447F,CLI-D5AD86BC,2024-08-17,Setup,1220.29,PENDING
ORD-A20C9FEA,CLI-C1E1B94A,2025-04-01,Consulting,1653.68,CANCELLED
ORD-9620818D,CLI-F8F9A45D,2025-08-21,Support,1457.6,COMPLETED
ORD-A32785F7,CLI-FA6D81EE-DUP,2025-12-22,Setup,3467.29,CANCELLED
ORD-B424A7A0,CLI-2F23CD0C,2024-09-24,Setup,81.51,PENDING
ORD-8B19F320,CLI-9E5E8CFE,2026-01-05,SaaS,394.49,CANCELLED
ORD-A528698B,CLI-A6388854,2024-05-30,Setup,361.43,CANCELLED
ORD-432C03E4,CLI-E8CEE951,2025-05-17,Consulting,3704.57,CANCELLED
ORD-164BA766,CLI-A50EE5E7,2025-09-23,Consulting,2685.94,COMPLETED
ORD-4400592C,CLI-54D09314,2025-05-13,Support,1638.2,COMPLETED
ORD-BDED3F17,CLI-711533F3,2025-04-21,Consulting,3112.13,CANCELLED
ORD-A53A43D6,CLI-73C374A6,2025-05-02,SaaS,2769.4,PENDING
ORD-9522496E,CLI-D3AA9B27,2026-05-01,SaaS,3946.7,PENDING
ORD-6974EAEE,CLI-DFB68A5F,2026-02-28,SaaS,2904.41,CANCELLED
ORD-8D9A58D8,CLI-6B6DE0DA,2025-07-01,Consulting,3303.37,COMPLETED
ORD-8A4828AF,CLI-8B8A7166,2024-10-20,Setup,3527.23,PENDING
ORD-38079A8E,CLI-FECFC0DB,2024-09-20,Support,3637.69,PENDING
ORD-F3FCE192,CLI-8DB969AF,2025-12-12,SaaS,2876.67,COMPLETED
ORD-2CA0ED97,CLI-6880534F,2025-04-11,Consulting,4247.32,COMPLETED
ORD-B800F540,CLI-FBC1085B,2024-08-15,Support,4510.31,CANCELLED
ORD-263490A1,CLI-DD42DA67,2024-06-14,SaaS,4758.62,COMPLETED
ORD-09A3E57E,CLI-13D5AC4F,2026-03-01,Setup,3963.4,CANCELLED
ORD-DD16663A,CLI-23D99D90-DUP,2025-07-14,Setup,4701.65,CANCELLED
ORD-2F45A112,CLI-EE5A8856,2024-11-14,Support,3624.12,COMPLETED
ORD-14FE9960,CLI-36760CE5,2026-01-10,Setup,1426.74,COMPLETED
ORD-920D5830,CLI-BBC1686B,2026-03-12,SaaS,4184.16,COMPLETED
ORD-5926C059,CLI-E4F1E8E8,2025-09-22,SaaS,879.03,PENDING
ORD-D2C07522,CLI-1270C935,2024-10-15,SaaS,3286.09,CANCELLED
ORD-F7A87BC5,CLI-42442FCE,2024-08-17,Support,459.11,COMPLETED
ORD-B34D8B83,CLI-57D52B78,2026-04-26,Support,622.02,PENDING
ORD-61F0E5C5,CLI-C5AB48DA,2025-03-15,Consulting,3048.89,COMPLETED
ORD-BE19B37A,CLI-F8C88FAE,2026-04-01,Support,3622.27,COMPLETED
ORD-6E73699B,CLI-7C8B7F1E,2025-02-26,Consulting,3746.53,CANCELLED
ORD-855FC748,CLI-2DB69EDB,2024-08-08,Setup,2303.95,COMPLETED
ORD-23FF18B2,CLI-F8F9A45D,2026-03-29,SaaS,162.41,CANCELLED
ORD-D2BFBCF2,CLI-DD42DA67,2025-07-31,Setup,793.13,PENDING
ORD-EE426792,CLI-5F234322,2024-10-28,Setup,376.79,COMPLETED
ORD-4684AC73,CLI-A42D0CD7-DUP,2024-10-11,Setup,3893.0,CANCELLED
ORD-06EC3C00,CLI-DD42DA67,2024-11-30,SaaS,1967.48,CANCELLED
ORD-7AB417D6,CLI-INVALID-593,2024-11-09,Support,4654.42,PENDING
ORD-6E648EC8,CLI-93E34C35,2025-04-01,SaaS,3116.15,PENDING
ORD-57A6E460,CLI-E592EE7C,2025-01-13,Consulting,4307.05,CANCELLED
ORD-0450F237,CLI-72D8567D,2025-08-18,Support,3566.14,PENDING
ORD-97124B5A,CLI-B1FE69B8,2025-10-01,Setup,4470.56,PENDING
ORD-230933AD,CLI-42E6918C,2026-01-26,Setup,903.79,PENDING
ORD-1F65206E,CLI-INVALID-145,2024-06-22,SaaS,2796.96,CANCELLED
ORD-7D2E11BD,CLI-89B3889D,2024-09-20,SaaS,546.87,CANCELLED
ORD-97BE4AD9,CLI-2DB69EDB,2024-06-16,SaaS,4071.06,PENDING
ORD-0DCB4811,CLI-91FDFA4F,2025-04-27,Consulting,1017.65,PENDING
ORD-468A4CD3,CLI-9AEC56A8,2025-05-19,Consulting,4074.34,PENDING
ORD-881CF24C,CLI-A6091AD0,2026-02-12,Setup,-1022.94,PENDING
ORD-016643B7,CLI-BE2F7685,2025-01-23,Consulting,3000.99,CANCELLED
ORD-6FFE5A67,CLI-EB8F54D8,2026-03-06,Support,4058.84,COMPLETED
ORD-7999D29E,CLI-ECF32053,2024-06-07,SaaS,367.17,PENDING
ORD-C14DF98E,CLI-EB8F54D8,2024-07-13,SaaS,545.83,COMPLETED
ORD-BFBFF315,CLI-6880534F,2025-09-15,Consulting,3349.36,CANCELLED
ORD-4501A390,CLI-3C4B1EEC,2025-07-18,Setup,2836.46,COMPLETED
ORD-CECE12FC,CLI-EDD97A1A,2025-07-30,Support,902.0,PENDING
ORD-1ECA88D3,CLI-73C374A6-DUP,2026-01-09,Support,3257.73,CANCELLED
ORD-4962394F,CLI-27177E59,2026-04-21,Support,4544.97,PENDING
ORD-BCA9EEBA,CLI-2C9DE90A,2025-10-10,Setup,4163.04,CANCELLED
ORD-439CF4F8,CLI-716FB276,2024-09-22,Support,-2258.04,CANCELLED
ORD-2BE94560,CLI-INVALID-578,2024-08-10,Support,302.35,COMPLETED
ORD-185708FA,CLI-4FE66636,2026-02-05,SaaS,3313.36,COMPLETED
ORD-FE389C35,CLI-0C5C9940,2025-12-16,Support,3767.08,COMPLETED
ORD-A03EF56A,CLI-33B0FB53,2025-07-28,Setup,2250.06,CANCELLED
ORD-E4E7E7A3,CLI-C6EC9E60-DUP,2024-12-01,Consulting,4110.73,COMPLETED
ORD-3BAEEB8E,CLI-FF02F5B0,2025-07-16,Support,4406.88,CANCELLED
ORD-8A43AA23,CLI-CBF78EB1,2024-06-28,Support,107.09,PENDING
ORD-15CAF379,CLI-E171582B,2024-12-29,Support,4152.61,COMPLETED
ORD-CA9D569A,CLI-423CAD9D,2024-09-22,Support,2578.95,CANCELLED
ORD-EE2291EF,CLI-D86AF8F9-DUP,2026-02-03,SaaS,3644.72,PENDING
ORD-CA4514D1,CLI-13EECDC6,2025-07-23,SaaS,1185.22,PENDING
ORD-AC97E067,CLI-6B6DE0DA,2026-03-09,Consulting,4502.96,PENDING
ORD-A89C0D28,CLI-F785DCC1,2025-09-26,Support,3906.2,COMPLETED
ORD-D5C83C5D,CLI-27177E59,2025-08-13,Support,4429.6,CANCELLED
ORD-4FF90831,CLI-5738B277,2024-09-12,Support,4681.0,COMPLETED
ORD-947AB584,CLI-76B874D3,2025-12-01,Support,555.94,PENDING
ORD-885F40AA,CLI-INVALID-687,2025-10-16,Consulting,4802.76,CANCELLED
ORD-FCCE4FB6,CLI-F8C88FAE,2025-11-26,Support,730.42,CANCELLED
ORD-FFAB82A0,CLI-3C4B1EEC,2026-01-21,Consulting,3135.03,PENDING
ORD-79A0D586,CLI-6D54C95A,2025-11-02,SaaS,4372.01,PENDING
ORD-668E43E1,CLI-37B567B4,2025-01-23,SaaS,266.76,COMPLETED
ORD-9DC4805F,CLI-5B619EBE,2024-08-04,Setup,1428.16,CANCELLED
ORD-66EDB71C,CLI-E746CCB9,2026-02-01,Support,3500.22,CANCELLED
ORD-4239A13E,CLI-D86AF8F9,2025-08-02,SaaS,4660.22,CANCELLED
ORD-715EAE42,CLI-AB9099A4,2024-12-09,SaaS,2335.54,COMPLETED
ORD-6C1452B4,CLI-DD42DA67,2025-08-18,Consulting,4599.63,CANCELLED
ORD-4FF6308A,CLI-9E0383D4,2025-10-10,SaaS,2770.28,PENDING
ORD-9D1B40F5,CLI-356AD651,2024-08-31,Consulting,4895.54,COMPLETED
ORD-59EC3E63,CLI-D6FB3A95,2024-08-15,Support,1269.66,COMPLETED
ORD-8E242B1D,CLI-A0F35470,2026-01-05,Consulting,356.24,PENDING
ORD-4289281D,CLI-244F4CE3,2025-01-19,SaaS,4880.53,PENDING
ORD-4C787AC6,CLI-INVALID-125,2025-06-16,Setup,2990.88,COMPLETED
ORD-E72CF300,CLI-CAAA5BBE,2025-11-17,Support,1912.86,PENDING
ORD-CA5E6705,CLI-8224DA50-DUP,2026-04-05,Setup,1668.03,PENDING
ORD-C85305F9,CLI-50640AE6,2026-04-21,Setup,2243.33,COMPLETED
ORD-C84042F9,CLI-2CB37E23,2025-02-19,Support,4036.06,PENDING
ORD-1BC00450,CLI-4024C424,2025-03-10,Setup,962.41,CANCELLED
ORD-DB06FEC2,CLI-E0F3EE66,2024-10-08,Consulting,315.81,COMPLETED
ORD-B1A6AED3,CLI-3EB862C6,2025-09-17,Setup,3822.08,PENDING
ORD-47EB1172,CLI-A127DC6B,2025-10-25,SaaS,3085.7,COMPLETED
ORD-845EAAB9,CLI-D059B594,2025-09-04,SaaS,4266.34,COMPLETED
ORD-FDDBEB80,CLI-9E87E04C,2025-07-07,Consulting,2964.61,COMPLETED
ORD-037C9932,CLI-F4672866,2026-04-05,Setup,4418.27,PENDING
ORD-6CCC0672,CLI-9E4C24DD,2024-07-19,SaaS,2072.32,COMPLETED
ORD-3A5CA1BC,CLI-45F18619,2025-04-04,Support,1293.58,CANCELLED
ORD-43C527A4,CLI-277D1BE9,2026-04-17,Consulting,1784.25,PENDING
ORD-40D2E1BE,CLI-8C357321,2025-02-13,Setup,2809.59,COMPLETED
ORD-779BFEE4,CLI-E746CCB9,2025-01-27,Consulting,2174.72,COMPLETED
ORD-49144C1B,CLI-AAB07015,2025-12-08,Support,4725.1,CANCELLED
ORD-4B20D6A2,CLI-423CAD9D,2025-09-08,Consulting,4510.79,PENDING
ORD-D1D46F58,CLI-CA0841DE,2024-07-17,Support,4344.67,PENDING
ORD-F65A5AA3,CLI-550A1B46,2024-11-21,SaaS,350.85,PENDING
ORD-3AC36C05,CLI-EEB81B7D,2025-01-17,Consulting,1012.09,PENDING
ORD-DCFC2B72,CLI-0E512083,2025-10-18,SaaS,1186.12,CANCELLED
ORD-112458E5,CLI-C1E1B94A,2026-01-30,Setup,2011.88,COMPLETED
ORD-0DB1565D,CLI-63A1BCAA,2026-01-18,Consulting,4588.11,CANCELLED
ORD-8D6EBE62,CLI-EC35FB0C,2024-08-11,Setup,2401.8,COMPLETED
ORD-89F32A99,CLI-0BBF6334,2025-11-13,Support,2309.64,CANCELLED
ORD-50833557,CLI-F99863F2,2025-05-11,Consulting,3833.45,PENDING
ORD-CF6AD43F,CLI-CE63CB1A,2024-07-29,Support,2274.6,CANCELLED
ORD-97A70F9D,CLI-C2FD6177,2025-04-18,Consulting,704.4,COMPLETED
ORD-64535F72,CLI-6EE35607,2026-03-28,Consulting,608.01,CANCELLED
ORD-8E9A8E72,CLI-EE5A8856,2026-03-31,Consulting,2609.55,COMPLETED
ORD-042AC25F,CLI-8C1AB2C7,2024-07-10,Support,629.02,PENDING
ORD-ABE5A807,CLI-FC78090E,2026-02-18,Support,274.28,CANCELLED
ORD-CBFEFD65,CLI-4688D612,2024-07-31,SaaS,2761.32,CANCELLED
ORD-15C5FE34,CLI-0B4E360A,2025-07-30,SaaS,1482.35,PENDING
ORD-509AC91F,CLI-3516567D,2025-01-06,Setup,3767.82,CANCELLED
ORD-C068A64C,CLI-620AF158,2025-03-16,Consulting,1032.85,COMPLETED
ORD-70024916,CLI-0C5C9940,2026-01-24,Setup,1430.79,COMPLETED
ORD-12E63E97,CLI-3F6C21F7,2024-06-03,Support,4863.6,PENDING
ORD-398C31C0,CLI-E0218CAF,2026-05-16,SaaS,3559.35,PENDING
ORD-9E5D78A1,CLI-D23C7585,2025-05-03,SaaS,3089.89,PENDING
ORD-B9C1F1B2,CLI-DB3FB4A2,2025-07-13,Support,2763.76,COMPLETED
ORD-8E300E9C,CLI-09673567,2025-06-09,SaaS,3935.31,PENDING
ORD-2E3C7679,CLI-6FC8503C,2025-02-14,SaaS,409.61,CANCELLED
ORD-16440645,CLI-99FF70C6,2024-08-30,Setup,165.7,PENDING
ORD-F1904CEC,CLI-37B567B4,2026-05-11,Setup,1548.49,COMPLETED
ORD-75E7F531,CLI-F2D2393F,2025-05-15,Setup,1837.97,CANCELLED
ORD-131AD6FA,CLI-D0AFB235,2024-08-03,Consulting,732.95,PENDING
ORD-29A7F041,CLI-E8CEE951,2024-09-05,Support,2981.49,PENDING
ORD-E245ED74,CLI-52555C75-DUP,2024-12-04,Setup,2273.93,PENDING
ORD-D5C31B18,CLI-EEB093FE,2024-06-27,Support,2790.08,CANCELLED
ORD-0003FD3E,CLI-INVALID-691,2025-10-26,SaaS,750.6,CANCELLED
ORD-466D8AC1,CLI-9ACB394A,2026-04-19,Support,2026.53,COMPLETED
ORD-29B76B37,CLI-31F55560,2026-03-28,Setup,1428.31,CANCELLED
ORD-2EC9E5F6,CLI-INVALID-191,2024-09-19,Setup,2453.1,CANCELLED
ORD-8AD09042,CLI-165EFFD1,2026-03-31,Setup,724.44,COMPLETED
ORD-F2E3FDC9,CLI-9565BC2F,2024-07-07,SaaS,3942.19,CANCELLED
ORD-FB26699F,CLI-230681AA,2026-01-11,SaaS,3071.57,PENDING
ORD-D1230280,CLI-354F184E,2026-02-14,Support,3750.28,COMPLETED
ORD-AE344B14,CLI-1F8C56E0,2024-06-04,Support,212.5,PENDING
ORD-4B046117,CLI-0123A348,2024-11-06,Consulting,2891.31,CANCELLED
ORD-21AA50DD,CLI-6994A2CA,2025-08-03,Setup,2798.9,PENDING
ORD-ECFA60C9,CLI-052226B9,2024-09-05,Support,3676.88,COMPLETED
ORD-0917F2D6,CLI-D2ED3196,2024-11-29,SaaS,459.08,COMPLETED
ORD-77E0AD89,CLI-6AB9BA0F,2026-03-08,Consulting,3336.74,CANCELLED
ORD-EB1C0430,CLI-5B619EBE,2024-09-12,SaaS,2643.89,PENDING
ORD-8C46B173,CLI-2FCB0DCE,2024-11-01,Setup,2205.34,PENDING
ORD-EBCFA81A,CLI-DBD0AD57-DUP,2026-05-12,Setup,1553.02,PENDING
ORD-46D5D341,CLI-E0BD202C,2025-10-22,Support,1687.7,PENDING
ORD-9087BA73,CLI-799F52C0,2024-10-05,SaaS,1794.57,CANCELLED
ORD-A1027A45,CLI-402913EC,2025-10-18,SaaS,1699.87,CANCELLED
ORD-81EC334F,CLI-73C374A6,2026-04-13,SaaS,543.66,CANCELLED
ORD-0DD1DB5F,CLI-04F64D86,2025-10-09,Consulting,4036.93,COMPLETED
ORD-EEA28810,CLI-70C2903F,2024-12-06,SaaS,3123.86,CANCELLED
ORD-5051B949,CLI-DA948E70,2025-12-19,Setup,4470.2,COMPLETED
ORD-51CB3F06,CLI-A76AFDE6,2024-08-14,Consulting,2117.52,CANCELLED
ORD-4277171C,CLI-51B3CCF5,2025-04-11,Setup,1767.77,COMPLETED
ORD-30F699CD,CLI-8DF1363A,2026-02-01,Support,4781.52,CANCELLED
ORD-E9D834B6,CLI-9ACB394A,2024-11-09,SaaS,3556.07,COMPLETED
ORD-C5DA3DCC,CLI-50FD9D3F,2025-11-03,Consulting,1474.84,CANCELLED
ORD-81A8D2B0,CLI-INVALID-456,2025-08-15,Setup,673.98,COMPLETED
ORD-A768B119,CLI-E39836BB,2025-01-26,Consulting,3152.96,CANCELLED
ORD-25818B22,CLI-02929D3D,2024-06-27,Support,3762.71,COMPLETED
ORD-04EBB4A9,CLI-402913EC,2025-03-11,Support,4820.58,CANCELLED
ORD-B20921CD,CLI-0F5675F8,2026-03-10,Support,1964.94,CANCELLED
ORD-91FD9B9D,CLI-6DF65800,2026-02-04,Setup,670.27,CANCELLED
ORD-D91ADE99,CLI-42F88FC5,2026-02-02,Setup,151.53,PENDING
ORD-FC411721,CLI-F7FD5646,2025-02-26,Setup,3182.77,COMPLETED
ORD-A0B3543A,CLI-003742AE,2024-10-08,Consulting,573.55,COMPLETED
ORD-9241E029,CLI-7F85C4E7,2024-06-23,Support,4287.26,CANCELLED
ORD-69FC339F,CLI-3F6C21F7,2025-06-02,Consulting,77.81,COMPLETED
ORD-22D635B7,CLI-DBC6C928,2025-08-18,SaaS,627.41,PENDING
ORD-9004C585,CLI-AFE2FF5C,2025-07-05,Support,4621.47,PENDING
ORD-652E8957,CLI-354F184E,2024-06-27,Consulting,2987.42,PENDING
ORD-2FC0FE9C,CLI-FAB0A15D,2024-07-20,Support,4429.48,PENDING
ORD-5820EA4F,CLI-F295456E,2026-01-30,Consulting,674.11,CANCELLED
ORD-9BA585AE,CLI-DC1110C1,2025-11-06,Consulting,2185.67,COMPLETED
ORD-B908B9F4,CLI-23D99D90,2024-05-28,Setup,2645.94,CANCELLED
ORD-5512A507,CLI-C0A0473A,2025-07-01,SaaS,3875.37,CANCELLED
ORD-181D40F9,CLI-44852295,2025-02-28,SaaS,2345.56,CANCELLED
ORD-CEEC79D5,CLI-D6D441CC,2025-10-18,Consulting,3876.98,COMPLETED
ORD-CDBFAA37,CLI-84C62E4B,2025-06-01,Setup,815.14,PENDING
ORD-299A7D68,CLI-45F18619,2024-05-25,Consulting,4977.37,CANCELLED
ORD-22A112B5,CLI-4A1A4219,2025-09-21,Consulting,2706.44,COMPLETED
ORD-21B5B893,CLI-C2FD6177,2026-03-31,SaaS,1429.79,COMPLETED
ORD-029CFBDA,CLI-A8CC6E3B,2025-09-29,SaaS,4784.96,COMPLETED
ORD-38118828,CLI-0B9BD934,2026-02-07,Consulting,4894.44,CANCELLED
ORD-5F786318,CLI-677C25B0,2025-10-31,SaaS,4259.91,COMPLETED
ORD-00BD204E,CLI-DBD0AD57-DUP,2025-10-05,SaaS,1710.55,PENDING
ORD-18906DB4,CLI-0D565923,2025-08-14,Consulting,2227.85,COMPLETED
ORD-E22A75CC,CLI-60A399D4,2026-01-09,SaaS,3276.22,PENDING
ORD-F4AE6F01,CLI-82ECE8AA,2025-06-17,SaaS,3060.19,COMPLETED
ORD-6318F1D2,CLI-03255820,2025-03-07,Consulting,4828.54,CANCELLED
ORD-0E4DF5F6,CLI-44D7DF9A,2025-02-17,Setup,1054.97,PENDING
ORD-64DD4384,CLI-56EF26A3,2026-04-04,SaaS,3778.06,CANCELLED
ORD-C3585CFB,CLI-52555C75-DUP,2025-12-18,Setup,1842.15,CANCELLED
ORD-C52C7F93,CLI-5BD20C98,2024-10-09,Consulting,2185.85,CANCELLED
ORD-212552FA,CLI-FDB269E5,2026-02-02,Support,1546.39,COMPLETED
ORD-C92C2F78,CLI-FC78090E,2025-03-21,Consulting,631.48,CANCELLED
ORD-ADDE98B6,CLI-7A0CD56D,2025-06-05,SaaS,2796.29,CANCELLED
ORD-EE287A92,CLI-73C374A6-DUP,2025-03-18,Consulting,2990.89,CANCELLED
ORD-437FDBD9,CLI-D2ED3196,2024-11-02,Setup,3570.52,COMPLETED
ORD-2FC8E230,CLI-A127DC6B,2026-03-05,SaaS,4813.91,PENDING
ORD-B084AAB8,CLI-B582EF0C,2024-11-17,SaaS,1340.67,CANCELLED
ORD-445F1AD1,CLI-BDF68EB0,2025-02-19,Support,2668.56,CANCELLED
ORD-66C09E7B,CLI-F884195D,2025-07-27,Setup,2840.39,CANCELLED
ORD-FDBA93EB,CLI-A52523E3,2026-02-10,Support,1834.44,PENDING
ORD-143E7FB7,CLI-8AF53D42-DUP,2024-10-01,Setup,4044.12,PENDING
ORD-9E4A9260,CLI-30E912F2,2026-03-26,Setup,4545.88,CANCELLED
ORD-F0A0A77D,CLI-3D131A3D,2025-02-20,Support,967.56,PENDING
ORD-DEBFE7D3,CLI-22212E52,2026-05-11,Consulting,949.53,COMPLETED
ORD-EEE14AB3,CLI-6893A38A,2026-01-09,SaaS,2963.08,CANCELLED
ORD-6A5B54E4,CLI-3AF33CC5,2026-01-11,Setup,2938.43,PENDING
ORD-C533AF2D,CLI-0F9027D5,2025-04-24,SaaS,4057.49,CANCELLED
ORD-5B345EDE,CLI-INVALID-761,2026-03-28,Consulting,3446.98,COMPLETED
ORD-517E71E0,CLI-9AEC56A8,2024-09-16,Setup,2767.46,CANCELLED
ORD-427FBC4B,CLI-E97F995D,2024-12-06,Support,922.28,COMPLETED
ORD-AD3C919F,CLI-5807CF74,2024-06-12,Support,3231.94,PENDING
ORD-AE957E1C,CLI-400945CE,2025-01-16,Consulting,2251.31,COMPLETED
ORD-A119CA40,CLI-INVALID-385,2025-10-18,Consulting,4559.58,PENDING
ORD-067B30D1,CLI-INVALID-476,2026-03-29,Support,1661.14,CANCELLED
ORD-F2034FE7,CLI-DC0228AF,2024-10-14,Support,375.28,COMPLETED
ORD-C35826A5,CLI-15A75ED9,2025-03-11,SaaS,2889.64,PENDING
ORD-B58D4C97,CLI-2294FA0A,2024-09-14,Support,1032.37,COMPLETED
ORD-3F027521,CLI-0A4C9F7F,2025-01-31,Setup,973.11,CANCELLED
ORD-2B42023A,CLI-6AB9BA0F,2024-09-12,Support,4306.04,COMPLETED
ORD-79432F6F,CLI-FA6D81EE,2025-10-12,Consulting,3036.78,PENDING
ORD-7833EECE,CLI-92D2408E,2025-03-11,SaaS,2144.97,CANCELLED
ORD-C3B5B2BD,CLI-7DAE4677,2025-05-29,Consulting,977.82,COMPLETED
ORD-A5120438,CLI-75666394,2026-02-01,Consulting,120.09,CANCELLED
ORD-6F4B3D1A,CLI-51B3CCF5,2026-03-30,Setup,4820.1,CANCELLED
ORD-2528759D,CLI-D3D4DDD3,2024-10-25,Consulting,2418.46,CANCELLED
ORD-C11F2240,CLI-76B874D3,2025-08-12,Setup,848.86,COMPLETED
ORD-AA3DB493,CLI-F7D8E086,2026-05-19,Consulting,3368.25,COMPLETED
ORD-56689E24,CLI-E658EB6A,2024-10-26,SaaS,1916.28,PENDING
ORD-111139C1,CLI-974E598D,2026-02-09,SaaS,3195.39,CANCELLED
ORD-019DB91E,CLI-65E58F34,2025-05-14,Setup,3434.19,COMPLETED
ORD-125D5CCD,CLI-6DFE8745,2024-11-01,Support,3283.35,COMPLETED
ORD-D4031364,CLI-6669F679,2025-11-02,Setup,2568.15,PENDING
ORD-9194D072,CLI-2BA6ADB3,2024-07-17,Consulting,1420.4,CANCELLED
ORD-C4349170,CLI-A42D0CD7,2026-03-27,Setup,2169.19,PENDING
ORD-97A92B57,CLI-E75EC164,2026-05-14,Setup,2869.4,PENDING
ORD-04A624F3,CLI-A42D0CD7-DUP,2024-11-26,Support,965.07,COMPLETED
ORD-16FD7C70,CLI-9E87E04C,2024-09-11,SaaS,4341.04,COMPLETED
ORD-910813B5,CLI-E8B8D252,2025-09-10,Support,2178.48,COMPLETED
ORD-CC4282CD,CLI-073A7522,2025-08-08,Consulting,866.62,COMPLETED
ORD-93A79138,CLI-8DF1363A,2026-04-29,Support,3391.0,CANCELLED
ORD-9258B0C0,CLI-70BF1783,2026-03-13,Setup,4211.27,COMPLETED
ORD-F42D157F,CLI-052226B9,2025-06-03,Setup,3168.33,COMPLETED
ORD-060556E8,CLI-DCA7E284,2025-12-12,Support,276.12,PENDING
ORD-01C363CD,CLI-239E5593,2025-10-26,SaaS,2837.05,COMPLETED
ORD-6F6D18C6,CLI-70BF1783,2025-05-22,Setup,2348.12,CANCELLED
ORD-3388CF1B,CLI-CD03A402,2025-03-02,Setup,4620.62,PENDING
ORD-B2F3BC00,CLI-402913EC,2024-11-02,Consulting,1686.6,COMPLETED
ORD-143E77C2,CLI-4688D612,2024-08-13,Setup,2846.98,COMPLETED
ORD-020978DC,CLI-5F234322,2024-10-03,Setup,1069.15,COMPLETED
ORD-FCC966C6,CLI-5295EA96,2024-07-21,Setup,2340.23,CANCELLED
ORD-9C99F2BC,CLI-8C7AA939,2025-03-08,Setup,3122.79,PENDING
ORD-EC606353,CLI-C24217C5,2024-12-24,Consulting,4863.25,PENDING
ORD-ED919B55,CLI-42E88605,2025-08-09,Consulting,3968.95,CANCELLED
ORD-39F6549B,CLI-974E598D,2025-07-19,Setup,4726.51,PENDING
ORD-397AB7CC,CLI-INVALID-877,2024-06-28,Setup,3396.31,CANCELLED
ORD-AB441946,CLI-70BF1783,2026-01-12,Setup,3628.6,COMPLETED
ORD-210BF60A,CLI-C8E7F2F6,2024-07-08,Consulting,4838.32,COMPLETED
ORD-3155DC87,CLI-C6EC9E60,2024-12-20,Support,2420.7,PENDING
ORD-0299E355,CLI-472E2F3B,2024-06-25,Setup,2948.75,CANCELLED
ORD-910AF69D,CLI-8DD7B77D,2024-07-03,SaaS,1938.43,COMPLETED
ORD-DBC4CCDD,CLI-C84A89B8,2025-03-08,Setup,3904.99,CANCELLED
ORD-0097D5F0,CLI-665EC4DD,2025-07-04,Support,2932.63,COMPLETED
ORD-B21D856B,CLI-F6D9FE17,2025-01-19,Support,1342.4,COMPLETED
ORD-4BEF82F1,CLI-423CAD9D,2026-03-06,Consulting,4676.02,PENDING
ORD-751FFC03,CLI-FF7A884D,2024-12-25,Setup,3717.27,PENDING
ORD-6A6A58B2,CLI-785CA87B,2025-05-28,Support,142.65,CANCELLED
ORD-B5356BF3,CLI-FCF56188,2026-03-11,Setup,3967.78,PENDING
ORD-702ADF3B,CLI-D6D441CC,2026-03-06,SaaS,4033.35,PENDING
ORD-3A772B80,CLI-03255820,2025-06-21,Setup,235.82,COMPLETED
ORD-2E616BD7,CLI-6D54C95A,2025-04-17,Setup,2817.47,CANCELLED
ORD-0262BF90,CLI-285EED0A,2024-09-01,Consulting,710.71,PENDING
ORD-382E80E8,CLI-6669F679,2024-10-16,Support,583.65,PENDING
ORD-5D7DC0FD,CLI-3F05344C,2026-04-06,SaaS,3476.68,PENDING
ORD-3FC68E14,CLI-6B6DE0DA,2026-03-12,SaaS,2418.02,COMPLETED
ORD-3B17B288,CLI-07275940,2025-11-13,Setup,1092.52,PENDING
ORD-0BF2598C,CLI-28317F0D,2024-08-25,Setup,1123.08,PENDING
ORD-C5443FB6,CLI-3C4B1EEC,2024-06-05,Support,4007.8,CANCELLED
ORD-0EF92E30,CLI-5C65A65C,2025-04-11,Support,3326.49,PENDING
ORD-B0E450CE,CLI-B6B2B13C,2025-05-21,Setup,4794.29,PENDING
ORD-0CCFD7FB,CLI-24435958,2025-03-03,Consulting,4170.4,CANCELLED
ORD-EE5ECCF7,CLI-3F05344C,2024-07-10,Consulting,3404.31,PENDING
ORD-88A59343,CLI-36760CE5,2024-12-16,Setup,2945.42,CANCELLED
ORD-F0C3DC02,CLI-67CBA27A,2024-07-19,Consulting,2453.07,COMPLETED
ORD-0ABE20FE,CLI-4024C424,2024-11-13,Setup,4897.67,CANCELLED
ORD-E6184043,CLI-42442FCE,2024-07-18,SaaS,3726.6,PENDING
ORD-1A837F9E,CLI-CC2A261D,2025-07-28,Setup,3999.79,CANCELLED
ORD-1A1E3904,CLI-6F1EC0DE,2024-09-28,Consulting,1625.78,PENDING
ORD-5C57EB93,CLI-09673567,2026-02-10,Consulting,1286.38,COMPLETED
ORD-E10ABC64,CLI-5807CF74,2025-09-09,Consulting,1915.58,COMPLETED
ORD-715C8F85,CLI-F50BEA63,2026-02-25,SaaS,4091.45,PENDING
ORD-455DC614,CLI-8AF53D42-DUP,2025-04-29,Consulting,2520.52,COMPLETED
ORD-C41E63D4,CLI-42F88FC5,2026-02-23,Consulting,1918.74,CANCELLED
ORD-A86E45C6,CLI-CD03A402,2024-10-24,Setup,3138.37,PENDING
ORD-28F6F012,CLI-DCA7E284,2026-03-22,Consulting,2289.14,COMPLETED
ORD-22421BAA,CLI-BAC8F92F,2024-06-14,Setup,2026.87,CANCELLED
ORD-EDCED19F,CLI-FF7A884D,2025-12-07,Consulting,1464.9,COMPLETED
ORD-6F969845,CLI-DBC6C928,2024-11-19,Consulting,1613.23,CANCELLED
ORD-0AF15CC2,CLI-C16B44E1,2025-04-05,SaaS,3130.99,PENDING
ORD-346B544C,CLI-6565E779,2025-11-05,Consulting,183.99,CANCELLED
ORD-28336002,CLI-36760CE5,2024-07-10,SaaS,2890.79,COMPLETED
ORD-82E89B5E,CLI-DBC6C928,2025-09-21,SaaS,4152.74,CANCELLED
ORD-66C64E18,CLI-D059B594,2024-12-28,SaaS,4355.16,COMPLETED
ORD-4E3B744F,CLI-A3607681,2025-11-24,SaaS,1347.61,COMPLETED
ORD-86403806,CLI-09673567,2025-05-11,Setup,4643.94,CANCELLED
ORD-66383FA3,CLI-B30672DC,2025-11-23,SaaS,4800.83,CANCELLED
ORD-B701001E,CLI-C24217C5,2026-04-04,Consulting,1127.67,COMPLETED
ORD-9C9A9D7D,CLI-52555C75,2024-11-25,Consulting,134.68,COMPLETED
ORD-B3345E5B,CLI-8C813E53,2026-02-16,SaaS,4691.42,PENDING
ORD-47165E93,CLI-6880534F,2025-07-19,SaaS,3813.74,CANCELLED
ORD-E00C04A3,CLI-59008D65,2025-04-05,Support,1035.85,COMPLETED
ORD-8A0BB8E4,CLI-15F7EF61,2025-01-26,Support,358.82,COMPLETED
ORD-878AB369,CLI-INVALID-746,2026-03-13,SaaS,279.75,PENDING
ORD-C46E30A4,CLI-5295EA96,2025-08-14,SaaS,4220.13,PENDING
ORD-3E7B15A3,CLI-B58194E0,2026-02-11,Consulting,2189.37,CANCELLED
ORD-F5B16D2F,CLI-F200A32C,2024-10-21,Support,2532.93,PENDING
ORD-CFB30320,CLI-4D8670BD,2025-11-24,Support,3193.25,COMPLETED
ORD-0035C555,CLI-B58194E0,2026-05-06,Consulting,1276.77,COMPLETED
ORD-AC4B7DBD,CLI-96418CED-DUP,2025-06-24,Consulting,1045.57,PENDING
ORD-B54FAE0B,CLI-37B567B4,2026-04-10,SaaS,3020.43,PENDING
ORD-5EC7A8F6,CLI-9565BC2F,2026-01-18,Consulting,520.11,COMPLETED
ORD-7793231F,CLI-F8F9A45D,2025-08-11,Support,4075.43,COMPLETED
ORD-DA6D33DA,CLI-BBC1686B,2025-06-18,Consulting,3489.23,CANCELLED
ORD-D2689AD4,CLI-E0218CAF,2025-11-11,Support,2512.52,PENDING
ORD-DEB04C83,CLI-E5BDBB3E,2025-02-07,SaaS,4118.78,COMPLETED
ORD-299A19FB,CLI-D23C7585,2025-01-31,Consulting,1574.84,CANCELLED
ORD-E2F7DA51,CLI-2FCB0DCE,2024-09-01,SaaS,-3159.96,PENDING
ORD-FF3C6EB0,CLI-F4AC27EF,2025-01-02,Support,756.46,CANCELLED
ORD-AF9DCDF0,CLI-9E0383D4,2025-10-03,Setup,2834.06,CANCELLED
ORD-8251AFD9,CLI-6AB9BA0F,2024-10-13,Setup,4260.51,COMPLETED
ORD-34CD510F,CLI-794954DB,2025-03-12,SaaS,1480.43,PENDING
ORD-9ADC8FE3,CLI-27177E59,2024-09-23,Support,2691.84,COMPLETED
ORD-23B8F542,CLI-DD42DA67,2026-04-27,SaaS,635.42,PENDING
ORD-4543646B,CLI-21B6EB84,2025-06-19,Setup,3029.06,PENDING
ORD-DFFBAD37,CLI-7ACC9970,2025-09-23,SaaS,52.7,PENDING
ORD-7946293C,CLI-1C86CF6F,2024-12-02,SaaS,4083.28,CANCELLED
ORD-C9CE362D,CLI-E0F3EE66,2025-02-19,SaaS,-4334.19,COMPLETED
ORD-1A110A4F,CLI-BDD640FB,2025-07-31,Setup,3414.3,CANCELLED
ORD-310B82D7,CLI-INVALID-466,2026-01-18,Setup,1967.64,PENDING
ORD-A754251D,CLI-799F52C0,2024-08-19,Support,2538.14,COMPLETED
ORD-6D7F80CD,CLI-90B7F26F,2025-02-21,SaaS,4028.05,COMPLETED
ORD-9865F96F,CLI-0D565923,2026-04-10,Support,1513.35,PENDING
ORD-EAA2C166,CLI-AA2FD9D1,2025-02-22,Setup,4775.73,COMPLETED
ORD-98EC5B6A,CLI-F785DCC1,2025-04-08,Support,3901.69,COMPLETED
ORD-9BE6AA29,CLI-4D334878,2024-05-30,Consulting,3852.19,COMPLETED
ORD-4DB70660,CLI-3EB862C6,2025-06-24,Setup,195.53,PENDING
ORD-88CCF7AD,CLI-D6415102,2024-11-05,SaaS,1664.98,PENDING
ORD-B3969A86,CLI-44D7DF9A,2026-01-20,SaaS,1472.98,COMPLETED
ORD-EDE652F5,CLI-C8E7F2F6,2025-10-31,Support,3309.14,COMPLETED
ORD-A47D5FB6,CLI-AF32BAF8,2025-06-27,Consulting,2343.41,CANCELLED
ORD-959EE77E,CLI-F7D8E086,2025-09-25,Consulting,3576.21,CANCELLED
ORD-53E39B1A,CLI-F7D8E086,2025-05-17,SaaS,4303.13,PENDING
ORD-4EFAC302,CLI-A42D0CD7,2025-08-06,Setup,4585.37,PENDING
ORD-C5BA8420,CLI-99FF70C6,2024-09-05,Support,2384.5,CANCELLED
ORD-B3CBC1C4,CLI-6F041C76,2026-01-04,Support,3957.88,COMPLETED
ORD-82B3158F,CLI-682904CA,2025-06-19,Consulting,4511.44,COMPLETED
ORD-3D596F7B,CLI-7B90942F,2026-01-18,Consulting,2135.36,PENDING
ORD-117D3F63,CLI-06998731,2025-02-06,Consulting,2554.84,PENDING
ORD-100637C7,CLI-39323A07,2025-01-09,SaaS,1461.94,PENDING
ORD-7B8DB32F,CLI-331BD602,2026-01-08,SaaS,4167.07,COMPLETED
ORD-477AB887,CLI-52555C75-DUP,2026-02-19,Support,581.53,COMPLETED
ORD-EEA0E30E,CLI-C6EC9E60,2024-07-11,Setup,1925.55,COMPLETED
ORD-A10D0623,CLI-9E5E8CFE,2025-12-26,Setup,725.93,PENDING
ORD-0C586C0A,CLI-C5811D2D,2025-06-18,Setup,2896.82,PENDING
ORD-57232FAA,CLI-E592EE7C,2024-09-21,SaaS,2679.89,CANCELLED
ORD-46E53C29,CLI-6E988798,2025-11-14,Setup,1488.02,CANCELLED
ORD-C66EF0CD,CLI-6ECFAAB4,2026-03-06,Setup,2218.3,CANCELLED
ORD-0D24C21D,CLI-9402C7BE,2024-10-02,SaaS,675.77,PENDING
ORD-12F04460,CLI-B6B2B13C,2026-01-14,Setup,3065.55,CANCELLED
ORD-ED1D6D27,CLI-8C83BC68,2025-01-19,Setup,4541.15,PENDING
ORD-C2B35E09,CLI-EEB81B7D,2026-02-22,Support,3960.04,CANCELLED
ORD-577AE5A1,CLI-CE63CB1A,2025-11-25,SaaS,3644.29,COMPLETED
ORD-EA9B85EB,CLI-2AC38BD3,2025-01-26,SaaS,4929.91,COMPLETED
ORD-8F6E1E30,CLI-2737F345,2026-02-13,Support,2254.21,CANCELLED
ORD-BE98703F,CLI-785CA87B,2025-05-28,SaaS,3957.13,CANCELLED
ORD-AC5FA726,CLI-94E2A33D,2025-03-09,SaaS,108.85,COMPLETED
ORD-DA532699,CLI-651A6277,2025-07-18,Support,445.11,PENDING
ORD-92EF8D59,CLI-A127DC6B,2024-07-07,Setup,1609.99,CANCELLED
ORD-22B8952E,CLI-22D839D3,2024-12-29,Support,3600.04,COMPLETED
ORD-34A4ED3C,CLI-6669F679,2025-02-26,Support,1749.09,COMPLETED
ORD-3ECEFF5E,CLI-8224DA50,2024-10-24,Consulting,3466.53,CANCELLED
ORD-C0539B74,CLI-93E34C35,2026-01-30,Support,3151.83,COMPLETED
ORD-DC5BB24F,CLI-FA3BC921,2025-03-03,Support,1494.9,COMPLETED
ORD-4A490F80,CLI-D139E6D8,2024-11-20,SaaS,1817.49,CANCELLED
ORD-DAF2571C,CLI-A127DC6B,2024-09-17,Support,4559.52,CANCELLED
ORD-60B1AAC5,CLI-97E9AFE2,2026-01-05,Setup,1748.42,COMPLETED
ORD-F2E3E19A,CLI-89B3889D,2025-01-16,Consulting,4471.84,PENDING
ORD-305C5D6F,CLI-E0218CAF,2025-09-26,SaaS,1364.72,COMPLETED
ORD-2262DAD8,CLI-BDF68EB0-DUP,2026-04-07,SaaS,90.95,PENDING
ORD-512628F2,CLI-6565E779,2025-12-26,SaaS,2293.77,CANCELLED
ORD-DC4DE578,CLI-4B77CF1C,2026-03-26,SaaS,272.27,CANCELLED
ORD-744FEFF8,CLI-F4672866,2025-12-05,Setup,2706.08,PENDING
ORD-E48BB336,CLI-33B0FB53,2025-04-21,Support,1223.79,COMPLETED
ORD-F5B917B1,CLI-D14B049B,2025-07-08,SaaS,1022.9,COMPLETED
ORD-33FE09E7,CLI-797763FE,2025-01-03,Consulting,4112.77,CANCELLED
ORD-7174BBC8,CLI-DBD0AD57-DUP,2025-09-13,Setup,4510.67,CANCELLED
ORD-D4539094,CLI-2D474C4F,2024-11-24,Consulting,1111.52,CANCELLED
ORD-833D19FF,CLI-F7FD5646,2026-01-18,Support,3132.31,COMPLETED
ORD-0A1DEE98,CLI-354F184E,2026-03-31,SaaS,2009.7,CANCELLED
ORD-5B2955F1,CLI-28317F0D,2025-04-19,Consulting,1201.59,COMPLETED
ORD-9770D013,CLI-F4AC27EF,2026-01-28,Setup,378.11,COMPLETED
ORD-1345C526,CLI-D3AA9B27,2024-07-07,Support,1887.6,CANCELLED
ORD-F3BE0191,CLI-0F9027D5,2025-04-30,Support,3189.74,COMPLETED
ORD-5F89A98C,CLI-F884195D,2024-07-21,Support,4334.47,PENDING
ORD-36C7B748,CLI-C40F5405,2024-09-28,SaaS,119.24,COMPLETED
ORD-37119879,CLI-A1C7CC8A,2024-06-30,SaaS,1562.12,COMPLETED
ORD-08FF7421,CLI-F7BCBC14,2024-06-17,Setup,3281.35,COMPLETED
ORD-68C5EDDC,CLI-003742AE,2026-04-25,SaaS,2099.82,COMPLETED
ORD-22F5B1A9,CLI-E53DFC49,2025-01-23,SaaS,3044.33,COMPLETED
ORD-73939A80,CLI-46A49F8D,2024-09-27,SaaS,2334.32,COMPLETED
ORD-135896AA,CLI-BC7637A0,2025-09-15,Support,1934.34,COMPLETED
ORD-C6026414,CLI-354F184E,2024-12-15,Support,4031.11,COMPLETED
ORD-D59065FA,CLI-8C1AB2C7-DUP,2024-05-29,Setup,877.56,PENDING
ORD-4B0AF1E0,CLI-2CBA1BC6,2026-02-10,Consulting,4917.09,COMPLETED
ORD-E94F82D9,CLI-70B6052F,2025-07-28,SaaS,-3257.33,COMPLETED
ORD-E220134E,CLI-E49D681D,2024-10-03,SaaS,1560.2,COMPLETED
ORD-7867340F,CLI-51B3CCF5,2025-03-19,Support,3146.27,CANCELLED
ORD-584E6851,CLI-44725AB7,2026-01-19,Setup,169.33,CANCELLED
ORD-51D5D62B,CLI-ED113FAF,2026-04-23,SaaS,233.42,COMPLETED
ORD-CD65BE9A,CLI-CE4F4C66,2025-06-20,Support,2052.79,PENDING
ORD-207CA173,CLI-C6EC9E60,2024-10-28,Support,3966.26,COMPLETED
ORD-3B108CBA,CLI-50FD9D3F,2025-04-10,SaaS,1382.71,CANCELLED
ORD-6FEB3D46,CLI-A3607681,2024-12-30,SaaS,2478.94,PENDING
ORD-53770D9D,CLI-FC9DC0D0,2026-05-11,Setup,4811.64,CANCELLED
ORD-1E054C8A,CLI-737EA52F,2024-11-04,Support,1388.57,PENDING
ORD-2A9FB994,CLI-AA2FD9D1,2024-10-17,Support,782.77,CANCELLED
ORD-37C200E3,CLI-400945CE,2024-05-26,SaaS,1828.43,COMPLETED
ORD-97FF9642,CLI-D0207EDE,2024-08-14,SaaS,1493.87,COMPLETED
ORD-DB1A8E44,CLI-D0AFB235,2026-02-05,Support,639.6,CANCELLED
ORD-D4E845BC,CLI-DBC6C928,2025-07-24,Support,737.38,CANCELLED
ORD-D7B798EC,CLI-C6B6E4AD,2026-04-20,Support,2731.8,PENDING
ORD-F8F1E1F4,CLI-D3D4DDD3,2025-07-29,Setup,251.12,CANCELLED
ORD-72176085,CLI-0A6552A5,2024-07-24,SaaS,637.77,CANCELLED
ORD-5468EDCC,CLI-18FDD2B9,2025-05-26,Setup,3327.66,COMPLETED
ORD-341583DF,CLI-7C5308BF,2025-01-16,Consulting,1335.88,PENDING
ORD-4019175A,CLI-89B3889D,2024-12-18,Setup,2260.06,PENDING
ORD-E19896DA,CLI-94B59339,2025-09-07,SaaS,3594.76,COMPLETED
ORD-98B1D51E,CLI-755CEE2A,2026-03-30,Setup,803.43,COMPLETED
ORD-11ED5768,CLI-E4F1E8E8,2025-05-23,Setup,1985.86,COMPLETED
ORD-28E6A63B,CLI-08F548E7,2026-04-20,Consulting,4568.08,PENDING
ORD-F34E9435,CLI-INVALID-401,2024-09-03,Setup,481.59,COMPLETED
ORD-53CE202B,CLI-052226B9,2025-02-01,SaaS,4694.43,PENDING
ORD-43B66A27,CLI-B58194E0,2025-04-01,SaaS,206.95,COMPLETED
ORD-B9312771,CLI-18FDD2B9,2026-02-26,Consulting,1249.4,COMPLETED
ORD-20061FDB,CLI-8C357321,2024-06-15,Setup,4951.52,CANCELLED
ORD-C59B7DE8,CLI-INVALID-853,2026-03-07,Setup,2175.45,PENDING
ORD-FA7CF893,CLI-75666394,2025-04-11,Consulting,4854.69,CANCELLED
ORD-01C08038,CLI-44725AB7,2025-02-16,Consulting,4833.64,CANCELLED
ORD-15445902,CLI-0F9027D5,2025-05-19,Support,787.06,CANCELLED
ORD-75770452,CLI-CA0841DE,2025-09-25,Consulting,1623.36,PENDING
ORD-EF58B690,CLI-165EFFD1,2025-02-05,Support,2571.47,COMPLETED
ORD-FF6F26CA,CLI-4024C424,2025-03-19,Support,429.11,CANCELLED
ORD-9403AD3D,CLI-C4BB4ACE,2024-07-07,Consulting,1502.59,PENDING
ORD-90CCD1E5,CLI-9E87E04C,2025-05-13,Setup,4876.09,COMPLETED
ORD-B9DEF348,CLI-588309DE,2025-03-27,Support,4327.27,CANCELLED
ORD-40B60C17,CLI-76B874D3,2025-08-09,Setup,796.54,COMPLETED
ORD-46C2F46E,CLI-3354B4BE,2025-12-31,SaaS,-3938.99,COMPLETED
ORD-87FC7D1A,CLI-22D839D3,2024-09-09,Consulting,3081.67,COMPLETED
ORD-DFDABE67,CLI-53133EA1,2026-02-15,Consulting,1165.47,CANCELLED
ORD-67B80731,CLI-257F7595,2025-03-17,SaaS,1422.28,PENDING
ORD-5EFE70F7,CLI-620AF158,2025-01-07,Setup,4965.17,COMPLETED
ORD-BE751767,CLI-354F184E,2026-04-20,Support,195.07,COMPLETED
ORD-0D88FA93,CLI-D0154898,2026-05-16,Consulting,547.38,COMPLETED
ORD-9F76385E,CLI-23C8AFDB,2025-08-09,SaaS,1048.14,COMPLETED
ORD-798F5E3F,CLI-1A37F6BD,2026-01-09,Consulting,-210.55,COMPLETED
ORD-0BAB99EE,CLI-A42D0CD7-DUP,2025-12-16,SaaS,2968.99,CANCELLED
ORD-9DE9294D,CLI-09673567,2026-05-09,SaaS,820.16,CANCELLED
ORD-D24C39A6,CLI-F7BCBC14-DUP,2025-06-11,Setup,2930.08,COMPLETED
ORD-B4C77A96,CLI-FF02F5B0,2024-08-20,Support,4793.11,COMPLETED
ORD-0E659EBA,CLI-874F7C5C,2025-10-29,Support,67.14,COMPLETED
ORD-7850B7B1,CLI-42442FCE,2026-05-08,Consulting,186.08,COMPLETED
ORD-7B2ACBEE,CLI-E523E8A9,2025-05-18,SaaS,4401.62,CANCELLED
ORD-DD00A64C,CLI-7C8B7F1E,2024-08-10,SaaS,4195.63,COMPLETED
ORD-772C7498,CLI-68A69E71,2026-02-17,SaaS,3385.0,COMPLETED
ORD-3699FEBB,CLI-CA0841DE,2026-02-24,Consulting,3362.19,COMPLETED
ORD-61E6B719,CLI-8C1AB2C7,2025-07-02,Support,238.35,PENDING
ORD-10F897AB,CLI-B58194E0,2025-04-09,SaaS,148.62,COMPLETED
ORD-BC5D618F,CLI-13D5AC4F,2024-08-17,Support,4701.04,PENDING
ORD-0BE23972,CLI-69C9520F,2026-05-10,Setup,71.84,COMPLETED
ORD-38DD9A5E,CLI-8C813E53,2025-07-21,Setup,3528.94,CANCELLED
ORD-6CD27618,CLI-27177E59,2025-08-07,SaaS,-1140.93,COMPLETED
ORD-79ECE854,CLI-9A0BD63D,2025-11-02,Support,281.91,CANCELLED
ORD-DCCCEA61,CLI-EC814510,2025-01-21,Setup,3981.23,CANCELLED
ORD-E97E55D4,CLI-D0AFB235,2025-05-24,Setup,1662.97,COMPLETED
ORD-51EF467B,CLI-BDF68EB0-DUP,2025-05-05,Setup,4051.5,PENDING
ORD-CEA35945,CLI-96F84FF7,2024-08-04,Consulting,3863.62,CANCELLED
ORD-605A79A3,CLI-D059B594,2026-02-08,SaaS,2513.87,CANCELLED
ORD-6F64CA2B,CLI-46A49F8D,2025-11-30,Setup,-3685.04,PENDING
ORD-06FE3650,CLI-A0F35470,2025-04-26,SaaS,2369.39,CANCELLED
ORD-FEB24920,CLI-A50EE5E7,2025-09-05,Consulting,1952.16,PENDING
ORD-C6BCB0D0,CLI-91FDFA4F,2024-10-07,Support,2459.05,PENDING
ORD-62216EC6,CLI-F2D2393F,2024-06-30,Consulting,2541.11,PENDING
ORD-736C1A10,CLI-6565E779,2024-10-07,Setup,2002.41,COMPLETED
ORD-AEE5B68C,CLI-799F52C0,2024-10-23,Support,-1290.82,COMPLETED
ORD-6AE5CC9D,CLI-F200A32C,2025-10-12,Setup,1080.82,CANCELLED
ORD-0D579EA0,CLI-588309DE,2025-03-18,SaaS,2668.62,PENDING
ORD-C7050C5B,CLI-56EF26A3,2024-11-13,SaaS,1207.09,PENDING
ORD-93E4D5F7,CLI-E88DA719,2025-03-26,SaaS,4720.77,PENDING
ORD-BCE4D414,CLI-B028BAFC,2025-01-15,Support,-1323.99,COMPLETED
ORD-28A625E1,CLI-073A7522,2025-04-08,SaaS,4415.09,CANCELLED
ORD-35C65A81,CLI-FCF56188,2026-02-12,Consulting,3917.22,PENDING
ORD-1A710BDF,CLI-F200A32C,2024-08-10,SaaS,3545.52,PENDING
ORD-6C456D93,CLI-1891E25C,2024-09-22,Setup,2475.97,COMPLETED
ORD-084A2EC4,CLI-230681AA,2025-02-22,SaaS,1377.61,PENDING
ORD-BF335ADA,CLI-F7FD5646,2025-03-23,SaaS,4289.57,COMPLETED
ORD-8BDEB84A,CLI-2C9DE90A,2024-06-12,SaaS,2017.73,PENDING
ORD-666A7861,CLI-94E2A33D,2026-03-31,Support,3809.39,COMPLETED
ORD-69CBFC4E,CLI-3FBACF5F,2026-01-25,Consulting,4709.74,PENDING
ORD-902DF7CF,CLI-E97F995D,2024-12-14,Support,1158.19,PENDING
ORD-65CF9236,CLI-CA3E3238,2025-11-28,Setup,76.38,PENDING
ORD-533679F2,CLI-91FDFA4F,2024-08-12,Consulting,1781.48,CANCELLED
ORD-DC7639E5,CLI-92D2408E,2024-07-27,SaaS,3518.54,PENDING
ORD-0F3B5F06,CLI-2D474C4F,2024-08-24,Support,286.4,CANCELLED
ORD-8D8F194C,CLI-4E5A4392,2025-09-08,Setup,3247.11,COMPLETED
ORD-00256416,CLI-23D99D90-DUP,2025-05-29,Support,3757.15,PENDING
ORD-058E2844,CLI-AB9099A4,2024-09-26,SaaS,2501.05,CANCELLED
ORD-C58AAC51,CLI-6EE35607,2024-07-20,Setup,4219.9,PENDING
ORD-39A4C71D,CLI-29B67B14,2024-09-28,Consulting,1433.49,PENDING
ORD-0A6DBD8B,CLI-661423A7,2024-09-14,Setup,907.9,CANCELLED
ORD-FD43754E,CLI-FBC1085B,2025-01-26,Setup,4868.46,CANCELLED
ORD-48EB14A5,CLI-402913EC,2025-10-15,Consulting,2053.86,CANCELLED
ORD-64E4ABC2,CLI-3DE667F9,2026-03-27,Support,1265.74,COMPLETED
ORD-A525E50B,CLI-72D8567D,2024-11-09,Consulting,181.93,PENDING
ORD-9933A462,CLI-C4BB4ACE,2025-03-08,Consulting,4404.53,COMPLETED
ORD-4F19F810,CLI-79C9C839,2025-07-28,Setup,4836.56,COMPLETED
ORD-17C8BC95,CLI-EDD97A1A,2025-07-13,Support,1950.46,PENDING
ORD-7B4B4A29,CLI-620AF158,2025-02-21,Support,945.02,COMPLETED
ORD-A12A8971,CLI-4BB3E035,2026-03-26,Setup,1406.64,PENDING
ORD-72D568D4,CLI-6EE35607,2026-01-06,Consulting,752.24,COMPLETED
ORD-50BE6294,CLI-6F4CC69A,2026-02-23,Setup,833.78,COMPLETED
ORD-5AC8C08C,CLI-CC585B60,2024-06-01,SaaS,574.18,PENDING
ORD-AA8B73EB,CLI-9E5E8CFE,2026-01-30,Support,740.89,PENDING
ORD-BDC27E8F,CLI-46A49F8D,2024-11-24,Consulting,1341.6,COMPLETED
ORD-524314C8,CLI-B1AC040D,2025-10-19,SaaS,1219.52,CANCELLED
ORD-0A9C4B09,CLI-56830783,2025-04-05,Support,4847.18,CANCELLED
ORD-8EE58A98,CLI-1270C935,2025-04-04,SaaS,4409.11,PENDING
ORD-4662477C,CLI-20156A72,2024-07-05,Setup,2362.99,CANCELLED
ORD-8A9ED16F,CLI-DBD0AD57-DUP,2024-09-27,Setup,1828.42,CANCELLED
ORD-8206BE0C,CLI-E4353335,2024-12-05,Support,2415.24,COMPLETED
ORD-BCB37DDD,CLI-15F7EF61,2025-02-21,Support,4623.69,COMPLETED
ORD-5A487FD6,CLI-4FE66636,2025-11-09,Support,-4354.4,COMPLETED
ORD-2E26D622,CLI-44725AB7,2025-09-09,SaaS,2784.73,COMPLETED
ORD-02EE09BF,CLI-5C65A65C,2025-12-22,Support,1403.96,PENDING
ORD-EB26CC82,CLI-28317F0D,2026-01-22,Setup,2244.75,COMPLETED
ORD-04CDA7C6,CLI-70B6052F,2025-10-31,SaaS,966.3,COMPLETED
ORD-226C8BCC,CLI-423CAD9D,2024-09-19,Support,1265.77,COMPLETED
ORD-F7102C89,CLI-0123A348,2024-06-09,Consulting,1149.85,PENDING
ORD-BF94ABFA,CLI-638CF9E3,2025-03-26,SaaS,1635.84,PENDING
ORD-5A9EFEFC,CLI-73A469A5,2024-06-01,Setup,1985.07,COMPLETED
ORD-25887022,CLI-A50EE5E7,2026-02-10,SaaS,1393.32,COMPLETED
ORD-487A2D8B,CLI-7C8B7F1E,2025-10-27,Support,617.6,PENDING
ORD-49A7102D,CLI-1923CAFC,2024-08-18,Consulting,3591.31,PENDING
ORD-6B93C06B,CLI-DC0228AF,2026-03-09,SaaS,3309.54,PENDING
ORD-47068498,CLI-BCDA835F,2026-02-27,SaaS,3041.81,PENDING
ORD-D5FD1CCE,CLI-B30672DC,2026-02-02,Consulting,545.43,COMPLETED
ORD-4EC24FB4,CLI-E0218CAF,2024-12-05,Setup,253.82,COMPLETED
ORD-80406EA6,CLI-A42D0CD7-DUP,2026-01-17,Setup,1379.91,PENDING
ORD-60E565B6,CLI-B4A69F3C,2026-01-30,Consulting,4377.03,PENDING
ORD-44270572,CLI-F8C88FAE,2024-07-10,SaaS,2364.67,COMPLETED
ORD-F1903205,CLI-E53DFC49,2024-12-06,SaaS,4378.26,PENDING
ORD-94E08798,CLI-63A1BCAA,2025-12-16,Support,3912.14,CANCELLED
ORD-691ACD19,CLI-39D1C7FF,2025-11-14,Setup,2165.34,COMPLETED
ORD-656C0188,CLI-F5946DE4,2025-11-07,SaaS,4537.32,CANCELLED
ORD-6A020DCA,CLI-B1FE69B8,2026-02-04,Consulting,4816.94,CANCELLED
ORD-1130521C,CLI-09673567,2025-02-17,Setup,2050.45,CANCELLED
ORD-0F4FBD2B,CLI-3D131A3D,2024-09-11,Support,4091.56,CANCELLED
ORD-B28FA46C,CLI-2737F345,2025-04-22,Support,594.48,COMPLETED
ORD-E640BC25,CLI-EC814510,2024-06-20,Consulting,1848.54,PENDING
ORD-A5054CAB,CLI-6DF65800,2025-04-11,Consulting,2981.09,COMPLETED
ORD-2EDB7916,CLI-3894DE06,2025-11-13,Support,3967.72,PENDING
ORD-830BED4F,CLI-39323A07,2025-04-20,Support,3229.75,PENDING
ORD-7881A492,CLI-F6D9FE17,2025-11-25,Support,1680.98,COMPLETED
ORD-80F377C2,CLI-5BF6F06D,2025-11-28,Support,887.34,COMPLETED
ORD-4D7CA758,CLI-4D334878,2025-07-16,Consulting,3206.52,COMPLETED
ORD-13E76434,CLI-F5946DE4,2025-06-27,Support,3257.16,CANCELLED
ORD-C3545CD8,CLI-INVALID-500,2024-09-21,SaaS,1069.37,PENDING
ORD-9D9F2662,CLI-2CB37E23,2024-07-22,Consulting,2922.07,PENDING
ORD-C5CA18E9,CLI-F71FB9A6,2026-01-02,Support,2122.46,COMPLETED
ORD-9C59D8EE,CLI-6ECFAAB4,2024-12-02,Support,4614.17,CANCELLED
ORD-AA34D26D,CLI-CC2A261D,2024-11-12,SaaS,1070.92,CANCELLED
ORD-1CEA99DC,CLI-29B67B14,2024-12-17,Support,1547.31,PENDING
ORD-706EB43A,CLI-0A4C9F7F,2024-10-10,Setup,3014.13,PENDING
ORD-4726D174,CLI-5C65A65C,2025-09-18,Consulting,1394.19,COMPLETED
ORD-89ED4D64,CLI-67CBA27A,2024-08-14,Support,3484.0,CANCELLED
ORD-1D2867A0,CLI-11B7E948,2025-01-31,SaaS,1915.68,COMPLETED
ORD-2454A9F6,CLI-DBD0AD57,2026-03-14,SaaS,1300.36,PENDING
ORD-995D1D59,CLI-F50BEA63,2026-05-09,Support,2271.4,CANCELLED
ORD-080CCF78,CLI-82ECE8AA,2025-06-07,SaaS,4405.19,PENDING
ORD-A6BA6A87,CLI-285EED0A,2026-02-20,Setup,2667.03,PENDING
ORD-81F4D97B,CLI-DD42DA67,2025-09-19,Setup,199.44,CANCELLED
ORD-008F03CA,CLI-6D2CDBF9,2025-03-30,SaaS,2361.29,CANCELLED
ORD-8EB64F1D,CLI-E4EE8F51,2024-06-18,Consulting,898.88,COMPLETED
ORD-EC3E9ADE,CLI-D0154898,2025-03-28,Setup,2308.63,PENDING
ORD-40C9F77E,CLI-737EA52F,2025-01-24,Support,4025.19,COMPLETED
ORD-2481B50C,CLI-44D7DF9A,2024-12-29,Setup,3692.13,COMPLETED
ORD-75622DFF,CLI-3A4317A1,2025-02-15,SaaS,2948.56,COMPLETED
ORD-9C2BE697,CLI-2C9DE90A,2025-02-24,Support,2055.09,COMPLETED
ORD-E4329C84,CLI-EEB093FE,2025-10-11,SaaS,1503.54,PENDING
ORD-8864D32C,CLI-6F1EC0DE,2026-01-10,Setup,3832.29,PENDING
ORD-E61BC863,CLI-B227462C,2025-06-01,Consulting,4374.83,COMPLETED
ORD-46C51D5A,CLI-6AB9BA0F,2026-04-11,Support,2871.28,PENDING
ORD-CE8A4293,CLI-DBC6C928,2025-04-28,Support,4805.61,PENDING
ORD-DAF63750,CLI-548C1D84,2026-03-04,Consulting,2928.31,COMPLETED
ORD-69258881,CLI-D6D441CC,2025-07-11,Consulting,970.68,COMPLETED
ORD-687E93FB,CLI-712C3126,2024-10-01,Setup,409.72,PENDING
ORD-372046A8,CLI-F99863F2,2025-01-14,Support,3699.32,PENDING
ORD-0329D92D,CLI-94E2A33D,2024-12-31,Consulting,2282.15,PENDING
ORD-3F3CA8EE,CLI-C32FC21B,2024-08-02,Consulting,4740.26,CANCELLED
ORD-07823BFB,CLI-FA6D81EE,2024-05-28,SaaS,3017.48,PENDING
ORD-D70F34BB,CLI-4CB9BE7B,2025-08-18,SaaS,4895.5,PENDING
ORD-4CEED038,CLI-99EA5BBD,2024-08-19,Consulting,4360.04,CANCELLED
ORD-976865B1,CLI-8C1AB2C7-DUP,2025-08-16,Support,4510.61,CANCELLED
ORD-B281E8E6,CLI-B30672DC,2024-09-01,SaaS,1949.53,PENDING
ORD-EEB78981,CLI-57D52B78,2025-05-14,Support,954.12,PENDING
ORD-F00C9F5F,CLI-73C374A6,2025-07-14,SaaS,1342.04,CANCELLED
ORD-3EFA2D4E,CLI-0C5C9940,2025-08-27,SaaS,-701.96,PENDING
ORD-2726C2C3,CLI-C16B44E1,2025-11-29,Setup,4685.41,COMPLETED
ORD-5167A3DF,CLI-1E7D8F7B,2024-11-05,SaaS,4699.91,CANCELLED
ORD-7F07014D,CLI-3DE667F9,2025-05-18,Consulting,3112.43,CANCELLED
ORD-C1F01055,CLI-CA0841DE,2025-07-19,Consulting,4953.37,COMPLETED
ORD-122BEB5E,CLI-67CBA27A,2025-07-30,Support,4174.96,COMPLETED
ORD-FF0DF117,CLI-EE5A8856,2025-01-06,Support,989.89,PENDING
ORD-6A7DD940,CLI-BDD640FB,2026-02-17,Consulting,2492.24,PENDING
ORD-1382E9E6,CLI-EDD97A1A,2025-12-14,SaaS,4430.03,PENDING
ORD-7BBAF123,CLI-402913EC,2025-10-15,Consulting,3455.9,CANCELLED
ORD-D05E9278,CLI-E0F3EE66,2024-07-17,Setup,1790.79,CANCELLED
ORD-522A7F0E,CLI-F50BEA63,2026-03-10,Support,2745.81,PENDING
ORD-1DF1F3F8,CLI-CABAEF3C,2026-03-29,SaaS,3114.82,CANCELLED
ORD-D4312053,CLI-DBC6C928-DUP,2025-12-31,Setup,63.33,PENDING
ORD-EC518D97,CLI-2D1594CB,2025-12-22,Consulting,-1417.64,COMPLETED
ORD-290AA46E,CLI-44D7DF9A,2025-12-06,SaaS,169.46,COMPLETED
ORD-F8DBAAD1,CLI-230681AA,2025-10-13,SaaS,2742.74,CANCELLED
ORD-5683A36A,CLI-A61BDC7D,2024-07-30,Support,111.62,PENDING
ORD-6AE2D4FA,CLI-E4353335,2024-08-29,SaaS,1072.9,COMPLETED
ORD-C3182415,CLI-6994A2CA,2025-12-07,Support,4257.52,PENDING
ORD-98B98619,CLI-97D7A560,2024-09-24,SaaS,4826.52,CANCELLED
ORD-DD9B6AA4,CLI-E8CEE951,2024-11-03,SaaS,3628.28,COMPLETED
ORD-56A827E6,CLI-69C9520F,2025-07-09,Setup,1923.93,COMPLETED
ORD-4B96B952,CLI-F7BCBC14,2026-05-21,Consulting,3307.79,COMPLETED
ORD-F3B48009,CLI-7C5308BF,2024-12-10,Setup,3023.07,PENDING
ORD-ADCD2655,CLI-4570B7FE,2025-12-10,Consulting,4794.97,COMPLETED
ORD-56C5FBB1,CLI-874F7C5C,2025-11-09,Setup,1481.91,PENDING
ORD-53A3B749,CLI-638CF9E3,2025-10-20,Support,4989.12,COMPLETED
ORD-4D1BE4B9,CLI-50640AE6,2024-06-06,Setup,117.37,PENDING
ORD-64B3F1A9,CLI-INVALID-497,2024-11-13,Support,2608.84,PENDING
ORD-A41D3B6E,CLI-0A5A2698,2024-07-28,Support,91.4,PENDING
ORD-97A53ED0,CLI-F7FD5646,2024-08-19,Consulting,-2959.45,COMPLETED
ORD-2877E76A,CLI-F38324F7,2025-10-10,Support,758.65,PENDING
ORD-2FC9CC19,CLI-08F548E7,2026-05-03,SaaS,1865.01,COMPLETED
ORD-7E3507DB,CLI-CE4F4C66,2026-04-08,Setup,4322.05,PENDING
ORD-8E8CDC0B,CLI-2FCB0DCE,2026-04-28,Setup,2973.15,CANCELLED
ORD-8FA19D9F,CLI-EE1595CF,2024-08-21,Support,1164.39,PENDING
ORD-65EC4CF2,CLI-54D09314,2026-05-11,Consulting,1452.8,COMPLETED
ORD-6140387D,CLI-1891E25C,2024-06-02,Support,2491.95,COMPLETED
ORD-72EBBF83,CLI-70BF1783,2026-02-15,Consulting,1582.5,PENDING
ORD-06F4D1BB,CLI-INVALID-301,2024-07-15,Consulting,1798.93,CANCELLED
ORD-7F3EB240,CLI-6F4CC69A,2026-01-06,Setup,1190.48,PENDING
ORD-4D5E6DDE,CLI-DEBAC186,2024-07-18,Consulting,2228.19,CANCELLED
ORD-BB5F4CF5,CLI-DD42DA67,2025-11-20,Consulting,2857.48,COMPLETED
ORD-75D1F63B,CLI-8AA431E9,2024-08-22,SaaS,4938.19,CANCELLED
ORD-36FDA98D,CLI-B58194E0,2025-04-04,Support,3730.79,COMPLETED
ORD-8F3FBA72,CLI-0B4E360A,2025-04-26,SaaS,1645.23,PENDING
ORD-D8FA048D,CLI-6994A2CA,2025-05-06,SaaS,969.39,CANCELLED
ORD-06895BE0,CLI-3AF33CC5,2025-08-09,Support,79.6,PENDING
ORD-7AA38B4E,CLI-CA3E3238,2024-10-27,Consulting,4259.03,COMPLETED
ORD-3D756DAF,CLI-3894DE06,2025-12-03,Support,247.59,PENDING
ORD-EB1F4A1C,CLI-D0207EDE,2024-11-14,Consulting,2989.01,COMPLETED
ORD-180B3063,CLI-0C3EDD5C,2024-11-24,SaaS,281.33,COMPLETED
ORD-2367A2CC,CLI-4BB3E035,2024-10-27,Setup,1178.37,PENDING
ORD-7BB7ACD2,CLI-60A399D4,2025-01-22,Setup,2650.09,COMPLETED
ORD-ED0D1578,CLI-EEB81B7D,2025-04-13,Support,3465.72,CANCELLED
ORD-64B26EA8,CLI-741423B5,2025-12-22,Consulting,4799.02,COMPLETED
ORD-E9E26867,CLI-F99863F2,2024-08-26,Support,3803.92,PENDING
ORD-F5C87D66,CLI-08F548E7,2024-06-18,Support,4699.21,PENDING
ORD-5C8BAC02,CLI-82ECE8AA,2024-07-02,Support,189.97,COMPLETED
ORD-49A4582A,CLI-A52523E3,2024-07-25,SaaS,888.86,CANCELLED
ORD-04BC969A,CLI-E171582B,2025-09-30,Support,1522.68,PENDING
ORD-009E9ED2,CLI-FA3BC921,2026-01-30,Support,2168.74,COMPLETED
ORD-FB6BAF69,CLI-5380B904,2025-02-09,Support,1263.3,PENDING
ORD-A54BDDBB,CLI-4B77CF1C,2025-07-27,SaaS,1449.49,CANCELLED
ORD-D6B14C5A,CLI-08651A6E,2025-06-24,Setup,3509.96,CANCELLED
ORD-9EC6CB21,CLI-39D1C7FF,2026-03-05,Setup,4573.78,COMPLETED
ORD-DF552AC3,CLI-8C813E53,2025-04-09,Consulting,4012.16,COMPLETED
ORD-19D0EEBB,CLI-B5A4C55B,2024-09-16,SaaS,4878.03,CANCELLED
ORD-010BA241,CLI-7ACC9970,2025-10-18,Consulting,1477.17,CANCELLED
ORD-316F8FF5,CLI-836FAD38,2026-01-11,Setup,3510.11,PENDING
ORD-760A54E8,CLI-44725AB7,2025-11-21,Support,4453.04,COMPLETED
ORD-8BC90792,CLI-B1FEAD13-DUP,2025-09-11,SaaS,4549.52,PENDING
ORD-332E83C9,CLI-EC814510,2025-10-17,Setup,2634.67,CANCELLED
ORD-DEADDC99,CLI-0C5C9940,2026-05-03,Support,2364.32,COMPLETED
ORD-6306AC41,CLI-8B8A7166,2024-10-12,Consulting,3449.16,COMPLETED
ORD-92ED1507,CLI-A61BDC7D,2026-02-27,Support,2005.11,COMPLETED
ORD-BB822A13,CLI-712C3126,2025-04-18,Support,86.67,PENDING
ORD-C236D295,CLI-2C78BC22,2025-02-11,Support,4637.61,PENDING
ORD-0D63BCAE,CLI-F8F9A45D,2025-03-03,Support,902.13,PENDING
ORD-6A2B4C64,CLI-90B7F26F,2025-02-28,Setup,4286.39,PENDING
ORD-83259434,CLI-D9CB3540,2025-07-29,Support,4464.28,PENDING
ORD-88CF22AD,CLI-11B7E948,2026-05-24,SaaS,4247.75,CANCELLED
ORD-0516D89D,CLI-DCA7E284,2026-04-25,Support,4111.88,COMPLETED
ORD-833FF31E,CLI-12FE28BF,2025-09-07,SaaS,1526.58,COMPLETED
ORD-392CBBE0,CLI-12FE28BF,2024-06-16,Setup,1697.28,CANCELLED
ORD-10F35EEB,CLI-C1E1B94A,2026-01-17,Support,-3356.47,CANCELLED
ORD-D738177C,CLI-6FC8503C,2024-12-10,Consulting,4600.52,CANCELLED
ORD-51599534,CLI-737EA52F,2026-03-24,Support,1844.76,COMPLETED
ORD-F94344B1,CLI-E658EB6A,2026-05-14,Setup,1919.32,PENDING
ORD-C2E27BB9,CLI-D6415102,2025-06-29,Consulting,3400.31,CANCELLED
ORD-DB4B04D1,CLI-INVALID-834,2024-06-26,Consulting,3104.11,COMPLETED
ORD-9C4B4FE6,CLI-E658EB6A,2026-01-30,SaaS,3022.3,PENDING
ORD-AA3CA596,CLI-CC585B60,2025-04-26,Setup,810.15,CANCELLED
ORD-1112D66C,CLI-E4353335,2025-06-04,Support,3067.83,CANCELLED
ORD-85A0A0B4,CLI-6DF65800,2025-11-27,Consulting,3449.34,CANCELLED
ORD-46C5AB95,CLI-8AA431E9,2024-08-10,Support,2624.0,COMPLETED
ORD-A4902E72,CLI-2CBA1BC6,2025-02-12,Support,1137.93,CANCELLED
ORD-19419569,CLI-E97F995D,2026-02-04,Support,2128.95,COMPLETED
ORD-EA2D97C8,CLI-AB9099A4,2025-10-05,Setup,949.88,COMPLETED
ORD-D2C5AB6B,CLI-D0AFB235,2025-02-13,Setup,2528.23,CANCELLED
ORD-271B7250,CLI-2D1594CB,2024-11-13,Support,2766.36,CANCELLED
ORD-06E7D333,CLI-C40F5405,2026-05-11,Consulting,2395.1,COMPLETED
ORD-FA7E921F,CLI-38151095,2025-04-03,Setup,2887.38,CANCELLED
ORD-94B77FA7,CLI-CD03A402,2025-01-16,Setup,4448.43,COMPLETED
ORD-D18C0AEC,CLI-A61BDC7D,2026-02-26,SaaS,1604.1,PENDING
ORD-0EDE357A,CLI-EE5A8856,2025-07-06,Setup,378.23,PENDING
ORD-8CC81670,CLI-AA2FD9D1-DUP,2024-10-25,Setup,3822.42,CANCELLED
ORD-AF6C6716,CLI-52555C75-DUP,2025-05-10,SaaS,1066.55,COMPLETED
ORD-AAFB8006,CLI-29B67B14,2025-08-08,Setup,3422.23,CANCELLED
ORD-CA03382E,CLI-A72F947D,2025-06-23,Support,4046.04,CANCELLED
ORD-01CD8F3C,CLI-620AF158,2026-03-25,Support,712.38,CANCELLED
ORD-25906585,CLI-5BD20C98,2025-07-29,Consulting,283.02,PENDING
ORD-A94E6D31,CLI-0D565923,2025-01-02,Support,4531.18,COMPLETED
ORD-69EC8C8E,CLI-974E598D,2026-02-14,Consulting,268.98,COMPLETED
ORD-19FFEC0D,CLI-0C3EDD5C,2025-12-05,Consulting,2258.15,COMPLETED
ORD-AD1624E1,CLI-B5ED7CE8,2026-03-17,Setup,3179.02,COMPLETED
ORD-461AEEA8,CLI-B1AC040D,2025-10-26,Setup,3108.44,PENDING
ORD-4FB581B3,CLI-C6B6E4AD,2024-07-10,Support,4910.19,COMPLETED
ORD-0C99A75B,CLI-73C374A6,2024-10-17,Support,4684.23,COMPLETED
ORD-BE602590,CLI-8B8A7166,2024-06-21,Support,1998.04,PENDING
ORD-CDE66117,CLI-6880534F,2025-12-14,Setup,4374.87,PENDING
ORD-065557AA,CLI-BE2F7685,2026-03-24,Consulting,1353.85,PENDING
ORD-9CF7CA7D,CLI-6B6DE0DA,2025-01-13,Consulting,4081.3,PENDING
ORD-73F833D3,CLI-0F9027D5-DUP,2025-10-23,Consulting,4349.59,CANCELLED
ORD-BE37D0E3,CLI-67CBA27A,2024-10-24,SaaS,1205.93,COMPLETED
ORD-FEF540CA,CLI-A72F947D,2026-01-15,Consulting,1873.03,COMPLETED
ORD-A077DA25,CLI-44725AB7,2025-11-16,Consulting,4279.96,CANCELLED
ORD-CB720F38,CLI-8DD7B77D,2025-03-01,Support,168.63,CANCELLED
ORD-8B76011A,CLI-C4AF9DC9,2024-12-18,SaaS,3649.42,CANCELLED
ORD-7123DC83,CLI-4151344E,2024-05-27,SaaS,4662.86,COMPLETED
ORD-D5897D69,CLI-CAFBC4FE,2026-04-14,SaaS,3338.8,COMPLETED
ORD-973E9598,CLI-44725AB7,2024-11-27,Consulting,3354.85,CANCELLED
ORD-B80E2079,CLI-4151344E,2026-02-12,Support,1474.62,PENDING
ORD-DA4D407D,CLI-CA3E3238,2025-08-31,SaaS,3864.72,CANCELLED
ORD-73D1CA2B,CLI-712C3126,2025-04-26,Support,976.46,PENDING
ORD-EA4F2CB7,CLI-2F23CD0C,2024-11-16,Consulting,435.9,COMPLETED
ORD-44C73898,CLI-A127DC6B,2025-08-16,SaaS,4199.52,COMPLETED
ORD-5BAB5AEC,CLI-BCDA835F,2025-08-19,SaaS,4861.15,COMPLETED
ORD-D072D994,CLI-073A7522,2025-03-16,Setup,3090.63,PENDING
ORD-4DD5EC39,CLI-0A4C9F7F,2026-02-06,Setup,1095.88,PENDING
ORD-3F0FAC32,CLI-E892464D,2025-05-17,Consulting,4054.57,PENDING
ORD-61A2EB14,CLI-F6D9FE17,2026-03-09,Setup,2943.55,PENDING
ORD-CFD83503,CLI-FF7A884D,2024-07-31,SaaS,2455.54,COMPLETED
ORD-F90999A5,CLI-1DD73F1F,2024-10-02,Setup,4845.29,PENDING
ORD-C78C7F0F,CLI-8BD88FCD,2024-12-21,Setup,4894.91,CANCELLED
ORD-4CFA0607,CLI-F7BCBC14,2025-05-02,Consulting,943.81,COMPLETED
ORD-5FB0CA70,CLI-EDD97A1A,2025-10-08,Setup,1837.93,CANCELLED
ORD-86A6D4BA,CLI-7C8B7F1E,2025-06-06,Setup,509.34,COMPLETED
ORD-3E6D9F97,CLI-8BD88FCD,2025-04-12,Support,3456.61,PENDING
ORD-0F4D626E,CLI-122DD7BE,2024-08-06,Support,306.25,COMPLETED
ORD-3A95416F,CLI-18FDD2B9,2025-04-06,Support,2932.37,COMPLETED
ORD-18E9D1FD,CLI-7ACC9970,2024-06-27,Support,123.17,CANCELLED
ORD-A46EBE69,CLI-8AA431E9,2025-06-29,SaaS,687.93,COMPLETED
ORD-5F4E3F9C,CLI-E75EC164,2026-04-13,Consulting,3299.9,CANCELLED
ORD-6E86546F,CLI-INVALID-134,2026-02-23,Setup,311.33,CANCELLED
ORD-1888D0B8,CLI-04F64D86,2024-12-22,Consulting,4581.79,COMPLETED
ORD-96BD2185,CLI-255F30B9,2025-07-13,SaaS,231.51,COMPLETED
ORD-22BC266B,CLI-05D0F23A,2026-02-07,Setup,1286.75,COMPLETED
ORD-2D14F0BE,CLI-E746CCB9,2024-06-28,Support,1198.93,COMPLETED
ORD-1D26B39D,CLI-FCF56188,2025-11-30,Setup,3333.11,CANCELLED
ORD-2E791BBB,CLI-E892464D,2025-06-06,SaaS,2900.59,COMPLETED
ORD-4886E36F,CLI-4FE66636,2025-01-23,Consulting,3008.64,PENDING
ORD-CB0568B6,CLI-354F184E,2024-05-28,Setup,1527.09,CANCELLED
ORD-9555FBA1,CLI-52555C75-DUP,2026-04-20,Consulting,1006.97,PENDING
ORD-A97060ED,CLI-D14B049B,2025-07-17,Setup,2394.09,COMPLETED
ORD-2D74CF85,CLI-1E73B307,2026-05-24,Support,1813.25,PENDING
ORD-285F6C82,CLI-D69BDEB1,2025-02-19,Consulting,378.36,CANCELLED
ORD-C862B70C,CLI-9402C7BE-DUP,2026-05-20,Consulting,4584.81,COMPLETED
ORD-FE0FD9EC,CLI-3894DE06,2026-04-18,Support,3504.95,PENDING
ORD-ED09F7D7,CLI-BE59D035,2025-03-19,Setup,1723.42,CANCELLED
ORD-7E6D39B8,CLI-C8E7F2F6,2026-03-31,Consulting,1052.61,PENDING
ORD-EF1B64CB,CLI-6EE35607,2025-03-26,Consulting,454.89,CANCELLED
ORD-800DD8DD,CLI-444122A5,2025-11-23,Consulting,1101.89,CANCELLED
ORD-786B6874,CLI-E88DA719,2025-07-30,Consulting,551.28,CANCELLED
ORD-19FC4DFF,CLI-39D1C7FF,2025-03-08,Consulting,1804.7,CANCELLED
ORD-612981B0,CLI-46A49F8D,2024-07-07,Consulting,1261.97,COMPLETED
ORD-B62A0255,CLI-122DD7BE,2024-06-07,Consulting,3087.05,PENDING
ORD-C8A41FF0,CLI-D98F5E83,2024-10-15,Setup,633.23,PENDING
ORD-D4D332E6,CLI-9D96BF5E,2025-08-30,Support,3230.1,CANCELLED
ORD-75C32E98,CLI-29451370,2024-09-03,Setup,2057.02,COMPLETED
ORD-AAF2F24E,CLI-D3AA9B27,2024-08-13,Support,2884.65,CANCELLED
ORD-AC1796A6,CLI-797763FE,2024-06-12,Consulting,2857.43,COMPLETED
ORD-599354C6,CLI-EEB81B7D,2025-12-20,SaaS,599.14,COMPLETED
ORD-C2EC5471,CLI-6669F679,2025-11-27,Consulting,1272.15,COMPLETED
ORD-7B666531,CLI-D5AD86BC,2025-09-17,Consulting,1395.89,CANCELLED
ORD-B0FCA9D9,CLI-AA2FD9D1,2024-12-04,SaaS,546.93,COMPLETED
ORD-1755028B,CLI-FC78090E,2024-08-08,SaaS,1121.73,PENDING
ORD-E4C511D5,CLI-4D8670BD,2026-03-22,Consulting,285.43,CANCELLED
ORD-BF7C4122,CLI-FECFC0DB,2026-04-30,SaaS,4632.86,COMPLETED
ORD-BE22C440,CLI-CC2A261D,2026-04-08,Setup,4776.13,CANCELLED
ORD-0FB6D2B3,CLI-0722AB3C,2025-10-15,SaaS,4982.25,PENDING
ORD-1950555F,CLI-F8F9A45D,2026-02-09,SaaS,2740.55,PENDING
ORD-ED1CF073,CLI-052226B9,2026-02-03,SaaS,719.4,COMPLETED
ORD-8E3EC6EE,CLI-E3E3E73B,2026-01-01,SaaS,-3361.58,PENDING
ORD-22FFE9FC,CLI-E8CEE951,2026-03-20,SaaS,4209.89,CANCELLED
ORD-DC352B5A,CLI-4A1A4219,2025-04-03,SaaS,2408.36,COMPLETED
ORD-FC623364,CLI-9AEC56A8,2025-02-26,Setup,3203.9,COMPLETED
ORD-3CCABDE2,CLI-C8E7F2F6,2024-07-24,Setup,638.9,COMPLETED
ORD-110182D1,CLI-FBC1085B,2025-03-18,Setup,3004.22,PENDING
ORD-E4B7405A,CLI-F783B6F6,2024-07-18,Consulting,1649.72,CANCELLED
ORD-8AF52B5E,CLI-50640AE6,2025-08-04,Setup,3617.29,CANCELLED
ORD-388D46C3,CLI-02929D3D,2026-05-12,SaaS,3042.32,PENDING
ORD-F0678D81,CLI-24435958,2025-09-21,Support,3161.91,COMPLETED
ORD-72C0D42D,CLI-BDF68EB0,2025-09-03,SaaS,2549.09,PENDING
ORD-424D3469,CLI-7DEF3B8E,2025-02-28,SaaS,709.68,PENDING
ORD-1C79AC85,CLI-BE2D740A,2026-01-28,SaaS,460.87,PENDING
ORD-B34F9F51,CLI-4570B7FE-DUP,2025-06-03,SaaS,4807.04,COMPLETED
ORD-AC1CE3B2,CLI-89FA6A68,2024-12-09,SaaS,4903.3,PENDING
ORD-1C7F8315,CLI-9E4C24DD,2024-08-21,Consulting,88.15,COMPLETED
ORD-893A9348,CLI-0E512083,2024-12-14,Setup,783.01,COMPLETED
ORD-179EF857,CLI-661423A7,2024-06-22,Setup,3049.68,PENDING
ORD-58D6E90D,CLI-052226B9,2025-09-24,Setup,4455.04,COMPLETED
ORD-87D63A5B,CLI-F91E8B9B,2025-07-31,SaaS,4721.21,PENDING
ORD-FB04F274,CLI-8C7AA939,2024-06-23,Support,3516.03,CANCELLED
ORD-9F3F4D91,CLI-INVALID-653,2024-12-21,Setup,135.11,COMPLETED
ORD-C2CDA60A,CLI-15A75ED9,2026-03-18,Setup,1697.94,PENDING
ORD-8CF44C1C,CLI-E6DDBBE3,2024-06-20,SaaS,4009.34,CANCELLED
ORD-58278283,CLI-AA2FD9D1-DUP,2025-05-23,SaaS,4635.37,CANCELLED
ORD-D2EB985F,CLI-99EA5BBD,2025-09-19,Support,2946.65,PENDING
ORD-8D73E3F8,CLI-D0154898,2025-01-16,Setup,2042.36,PENDING
ORD-2FC336B1,CLI-D059B594,2025-07-19,SaaS,1565.0,PENDING
ORD-9B94A510,CLI-CE4F4C66,2025-12-31,Support,291.75,COMPLETED
ORD-73CD050A,CLI-F785DCC1,2025-11-28,Setup,289.93,PENDING
ORD-6B12BD63,CLI-13EECDC6,2025-09-22,SaaS,1625.82,PENDING
ORD-B90F0DDF,CLI-17EAEC83,2025-03-12,Consulting,1138.76,CANCELLED
ORD-2E2B6B8D,CLI-B58194E0,2025-01-16,SaaS,1541.41,CANCELLED
ORD-4D2DE4CB,CLI-8C813E53,2025-06-03,SaaS,1239.92,PENDING
ORD-F13A5D89,CLI-9AEC56A8,2026-02-22,SaaS,673.79,PENDING
ORD-2C92F14D,CLI-0C3EDD5C,2026-01-24,Support,1444.85,COMPLETED
ORD-38BC4CE7,CLI-5C65A65C,2025-09-17,Setup,1876.17,CANCELLED
ORD-EBEF7531,CLI-CC2A261D,2026-01-07,Support,4658.04,COMPLETED
ORD-E7A25A16,CLI-3F6C21F7,2026-02-28,SaaS,4562.66,PENDING
ORD-06C4F4A2,CLI-FF7A884D,2024-12-31,Support,1512.68,PENDING
ORD-61E839C5,CLI-DA948E70,2025-08-09,Support,1827.95,COMPLETED
ORD-1F011085,CLI-9E0383D4,2026-01-28,Consulting,674.7,CANCELLED
ORD-0B8A93B1,CLI-12FE28BF,2025-03-26,SaaS,3912.16,COMPLETED
ORD-15B25915,CLI-D0154898,2025-08-09,SaaS,1097.65,COMPLETED
ORD-2F281D8E,CLI-30E912F2,2026-01-30,Support,2929.75,CANCELLED
ORD-4F21768D,CLI-C976EC61,2024-05-26,Support,366.75,CANCELLED
ORD-379A1AFE,CLI-AF32BAF8,2024-09-01,Consulting,1463.99,COMPLETED
ORD-48ECD5E0,CLI-E4EE8F51,2025-01-22,Setup,2370.18,PENDING
ORD-F1EA44DE,CLI-9AB8180F,2025-11-29,Consulting,2247.49,CANCELLED
ORD-B624C283,CLI-7ACC9970,2025-04-02,SaaS,3366.9,PENDING
ORD-C8A411F7,CLI-DA948E70,2025-07-19,SaaS,3258.11,CANCELLED
ORD-0F53E8C5,CLI-212804C5,2024-09-15,Consulting,321.97,COMPLETED
ORD-A113384E,CLI-716FB276,2026-01-18,Support,3149.01,COMPLETED
ORD-95F5442F,CLI-A52523E3,2024-09-15,Consulting,798.28,PENDING
ORD-493BAFC4,CLI-42E6918C,2026-02-02,Setup,1869.79,COMPLETED
ORD-E88859DD,CLI-30E912F2,2024-11-20,Consulting,4697.85,COMPLETED
ORD-D9F91100,CLI-F2D2393F,2025-02-26,Consulting,1335.28,COMPLETED
ORD-33A2F7B9,CLI-C6EC9E60,2025-12-31,Support,2700.09,PENDING
ORD-23B3B81B,CLI-3FBACF5F,2024-06-24,SaaS,4417.8,PENDING
ORD-2F19E912,CLI-1986B4B2,2025-04-05,Consulting,4028.95,PENDING
ORD-3879B941,CLI-8BD88FCD,2026-04-28,Consulting,2464.87,PENDING
ORD-6925C72B,CLI-BDF68EB0,2024-12-01,Support,1604.38,CANCELLED
ORD-B549D451,CLI-D98D213C,2025-02-17,SaaS,840.73,COMPLETED
ORD-F87F7210,CLI-E892464D,2025-07-13,Setup,-733.54,PENDING
ORD-205A00DE,CLI-1F20C257,2025-11-24,Support,757.82,CANCELLED
ORD-70DB85F9,CLI-73C374A6-DUP,2025-07-26,Consulting,4726.06,PENDING
ORD-C8573376,CLI-737EA52F,2025-09-17,SaaS,411.1,COMPLETED
ORD-B087E0E9,CLI-67CBA27A,2026-04-08,SaaS,1498.9,PENDING
ORD-1DC06C56,CLI-5B7117BD,2026-02-15,Setup,3629.05,CANCELLED
ORD-4AE8285C,CLI-C5811D2D,2025-04-20,Consulting,1057.88,COMPLETED
ORD-B2DF1A53,CLI-661423A7,2025-10-21,Setup,3669.13,COMPLETED
ORD-A150DDD7,CLI-996D9303,2024-11-01,Consulting,3841.39,CANCELLED
ORD-26CBE50A,CLI-BE2F7685,2024-06-13,SaaS,608.48,CANCELLED
ORD-DEA3352B,CLI-27177E59,2025-06-26,Consulting,1378.69,COMPLETED
ORD-2A983F49,CLI-4BB3E035,2026-04-11,Support,3394.69,PENDING
ORD-9B4974A5,CLI-18FDD2B9,2026-03-26,Support,1936.89,CANCELLED
ORD-1D1D0EAA,CLI-INVALID-479,2026-02-17,Consulting,4590.27,PENDING
ORD-D32AB0F6,CLI-0C5C9940,2025-09-14,SaaS,513.23,COMPLETED
ORD-87D5292C,CLI-E271FFF9,2025-10-29,SaaS,1494.28,CANCELLED
ORD-BC3C7B65,CLI-277D1BE9,2024-06-20,Setup,2643.42,CANCELLED
ORD-E4C49882,CLI-3C4B1EEC,2025-06-01,SaaS,354.11,CANCELLED
ORD-A54E5073,CLI-4A1A4219,2024-10-30,Setup,995.11,PENDING
ORD-EC139F07,CLI-8AA431E9,2025-03-15,Setup,297.2,PENDING
ORD-175991EA,CLI-8C813E53,2026-04-28,SaaS,2460.94,COMPLETED
ORD-8F0A89A5,CLI-B6B2B13C,2025-09-09,Consulting,3302.44,PENDING
ORD-CC80543A,CLI-6EE35607,2025-06-07,Support,578.18,COMPLETED
ORD-BC603788,CLI-18FDD2B9,2025-10-28,Consulting,2376.61,CANCELLED
ORD-07308155,CLI-1270C935,2025-01-23,Consulting,375.08,PENDING
ORD-709240BC,CLI-FA6D81EE,2025-10-22,Setup,3235.94,COMPLETED
ORD-82599C87,CLI-13D5AC4F,2024-09-21,Consulting,4937.57,PENDING
ORD-8F3F329B,CLI-21B6EB84,2024-06-25,Setup,516.61,CANCELLED
ORD-D095E5BB,CLI-F4AC27EF,2026-02-23,Consulting,2167.4,COMPLETED
ORD-7A9F143B,CLI-DBC6C928,2025-11-27,Support,1737.81,CANCELLED
ORD-2A23A71C,CLI-2D474C4F,2025-01-13,Setup,394.68,PENDING
ORD-F0FE1354,CLI-BE2F7685,2026-03-25,Support,1230.84,COMPLETED
ORD-2ABB1647,CLI-F7FD5646,2026-04-19,Support,3839.35,PENDING
ORD-4AE09629,CLI-F5946DE4,2024-09-04,Consulting,4753.13,CANCELLED
ORD-0234EDDF,CLI-A37AFC5C,2025-04-13,SaaS,4611.63,COMPLETED
ORD-ACD5B138,CLI-F2D2393F,2024-12-23,Consulting,750.7,CANCELLED
ORD-FC46D1B7,CLI-C5811D2D,2025-05-03,Support,3310.3,COMPLETED
ORD-6713250D,CLI-39323A07,2025-12-08,Support,1855.58,PENDING
ORD-499E52B5,CLI-36760CE5,2025-12-15,SaaS,3630.98,COMPLETED
ORD-ACA9AF9E,CLI-FA3BC921,2025-02-26,Setup,4684.04,COMPLETED
ORD-1370B983,CLI-90B950BB,2025-12-01,Consulting,4788.08,CANCELLED
ORD-0CD14FC1,CLI-2DB69EDB,2025-12-03,Setup,1841.14,PENDING
ORD-11B9E56C,CLI-5E4C4FD1,2025-03-11,Consulting,4726.19,PENDING
ORD-357CC20C,CLI-50FD9D3F,2025-09-26,Support,211.85,PENDING
ORD-8019CCE7,CLI-F5946DE4,2025-10-28,Setup,4596.64,PENDING
ORD-D175B167,CLI-1A37F6BD,2024-11-25,Consulting,583.59,CANCELLED
ORD-3D74E8CC,CLI-96418CED-DUP,2026-01-08,SaaS,4925.51,COMPLETED
ORD-6C5C3FFE,CLI-755CEE2A,2025-02-15,Consulting,4751.06,PENDING
ORD-B87984BE,CLI-56EF26A3,2025-05-24,Consulting,1356.15,PENDING
ORD-05529111,CLI-AB9099A4,2025-06-28,SaaS,220.19,COMPLETED
ORD-8F39F8F3,CLI-5BF6F06D,2025-12-05,Setup,-1916.1,COMPLETED
ORD-E10D3CFD,CLI-AF32BAF8,2025-09-08,Consulting,616.98,COMPLETED
ORD-C33B88B0,CLI-8AA431E9,2026-01-23,Consulting,4232.83,COMPLETED
ORD-985E4886,CLI-1A37F6BD,2025-07-29,SaaS,331.48,CANCELLED
ORD-881D2168,CLI-874F7C5C,2026-05-02,Consulting,3649.24,CANCELLED
ORD-99A28E9A,CLI-0D565923,2025-11-28,SaaS,4761.6,CANCELLED
ORD-16A946ED,CLI-F5F3943A,2024-11-18,Support,1349.43,PENDING
ORD-FC2BEDFC,CLI-28317F0D,2024-09-02,Support,3231.35,CANCELLED
ORD-E4E5AB2A,CLI-A42D0CD7,2025-10-16,Setup,4921.5,PENDING
ORD-FF741B09,CLI-89FA6A68,2024-07-28,Setup,4561.23,CANCELLED
ORD-EE0BDE13,CLI-BDD4C1F2,2024-10-20,Support,-3721.33,CANCELLED
ORD-4EF4EC7E,CLI-DBD0AD57-DUP,2024-09-04,Support,740.57,CANCELLED
ORD-BA7D3996,CLI-DCA7E284,2024-08-08,Support,2070.55,PENDING
ORD-201162AF,CLI-C6EC9E60,2025-09-18,Consulting,536.55,PENDING
ORD-BA8CB85A,CLI-B582EF0C,2025-09-15,Consulting,2653.52,PENDING
ORD-D4AF795E,CLI-05D0F23A,2025-10-12,SaaS,836.63,CANCELLED
ORD-2B441D12,CLI-DB3FB4A2,2024-10-08,SaaS,2015.56,PENDING
ORD-52CE32E8,CLI-CC2A261D,2025-01-29,Support,1247.1,PENDING
ORD-06624E64,CLI-63300EE1,2025-06-30,Consulting,1647.44,CANCELLED
ORD-B5E8BBD4,CLI-0C5C9940,2026-04-13,Setup,2684.4,COMPLETED
ORD-303FA2A5,CLI-3F05344C,2025-07-16,Consulting,4738.76,CANCELLED
ORD-A5F625DD,CLI-6AB9BA0F,2024-08-16,Setup,1787.05,CANCELLED
ORD-9A7CF2C0,CLI-E75EC164,2024-10-06,Setup,4371.54,CANCELLED
ORD-768ACEB7,CLI-985E7E89,2026-05-20,Consulting,2263.67,CANCELLED
ORD-26618449,CLI-E49D681D,2025-01-28,SaaS,-2968.77,COMPLETED
ORD-F812F394,CLI-F7BCBC14-DUP,2024-06-10,Setup,3146.54,COMPLETED
ORD-A24D084D,CLI-985E7E89,2025-07-08,Support,4262.36,COMPLETED
ORD-C9164A3B,CLI-INVALID-610,2024-09-28,Support,-3212.75,CANCELLED
ORD-F1F8049A,CLI-4BB3E035,2025-12-25,Setup,3523.66,COMPLETED
ORD-4E196E19,CLI-DD42DA67,2025-03-06,Setup,3920.38,PENDING
ORD-5CA4A098,CLI-8C1AB2C7-DUP,2025-09-09,Setup,3615.79,PENDING
ORD-8C897FE4,CLI-0A6552A5,2026-05-07,Support,3636.54,PENDING
ORD-BDCD00A9,CLI-1270C935,2026-02-09,Setup,4369.28,CANCELLED
ORD-64425305,CLI-53133EA1,2026-01-21,Setup,4280.65,COMPLETED
ORD-EC9FB045,CLI-INVALID-778,2025-05-31,Setup,4066.45,COMPLETED
ORD-A829C2AE,CLI-4FE66636,2026-01-21,Setup,3269.7,PENDING
ORD-891B3E6A,CLI-E8B8D252,2024-06-17,SaaS,3657.56,CANCELLED
ORD-8831EAB3,CLI-6DFE8745,2024-12-07,Support,344.89,COMPLETED
ORD-C22C384C,CLI-F7FD5646,2024-10-15,SaaS,1025.51,CANCELLED
ORD-971D4716,CLI-08F548E7,2025-01-10,Setup,4577.66,CANCELLED
ORD-FE2895AD,CLI-6F4CC69A,2025-02-05,Setup,4630.61,COMPLETED
ORD-2F5B98E8,CLI-EEB093FE,2026-04-26,SaaS,3198.33,PENDING
ORD-C59349D1,CLI-9E5E8CFE,2025-10-06,Consulting,4429.36,COMPLETED
ORD-B991F5EA,CLI-DBC6C928-DUP,2026-03-18,SaaS,4170.56,COMPLETED
ORD-5BA3E762,CLI-0A5A2698,2024-10-06,Support,2901.72,PENDING
ORD-580CD898,CLI-E4F1E8E8,2024-08-14,SaaS,4210.44,CANCELLED
ORD-4AE4ECA0,CLI-50640AE6,2025-01-30,SaaS,2666.22,PENDING
ORD-3B6E33F7,CLI-D8528ABB,2025-01-16,SaaS,4001.02,PENDING
ORD-B2D35CB1,CLI-5BF6F06D,2024-06-16,Support,1819.52,COMPLETED
ORD-400BC861,CLI-073A7522,2025-03-02,Consulting,4233.75,COMPLETED
ORD-BF461CBE,CLI-BE59D035,2024-09-23,Support,1904.03,PENDING
ORD-F9C7EC6E,CLI-22D839D3,2025-12-18,Support,2150.36,PENDING
ORD-D50EDD86,CLI-INVALID-736,2025-04-05,SaaS,4667.9,COMPLETED
ORD-08510276,CLI-472E2F3B,2025-10-27,Consulting,2207.34,COMPLETED
ORD-371EC161,CLI-BAC8F92F,2024-12-15,Consulting,3399.66,CANCELLED
ORD-26FA1827,CLI-B65FEEA9,2024-07-05,Setup,1753.57,CANCELLED
ORD-C912280E,CLI-974E598D,2025-11-04,SaaS,1863.03,COMPLETED
ORD-9B3B9F88,CLI-10C1DE9C,2025-08-13,SaaS,1840.97,CANCELLED
ORD-15C7DC6E,CLI-FBC1085B,2025-06-10,Consulting,170.2,CANCELLED
ORD-E2F820DF,CLI-E0218CAF,2024-06-21,Consulting,4420.52,CANCELLED
ORD-AEEE0E2C,CLI-D86AF8F9,2025-07-26,Support,3407.11,CANCELLED
ORD-36B06BA7,CLI-7F53DC0A,2026-02-10,SaaS,3922.18,PENDING
ORD-D1F1DF71,CLI-2A6524AF,2025-08-20,Consulting,462.74,COMPLETED
ORD-75E3F1D0,CLI-6BF5FC98,2025-04-08,Support,4504.47,COMPLETED
ORD-A4BA67D7,CLI-0A4C9F7F,2024-12-24,SaaS,2846.16,PENDING
ORD-01813F3F,CLI-CFF14C0E,2024-08-28,Support,1407.11,CANCELLED
ORD-4F47188B,CLI-E8B8D252,2025-09-03,SaaS,2797.01,COMPLETED
ORD-0C2A89D8,CLI-9A0BD63D,2024-12-09,Consulting,2290.32,PENDING
ORD-B60301AA,CLI-3A4317A1,2025-11-04,Consulting,2323.23,PENDING
ORD-7247BE4A,CLI-96418CED-DUP,2024-09-28,SaaS,423.81,PENDING
ORD-261E217F,CLI-F8F9A45D,2024-05-27,Consulting,1440.05,CANCELLED
ORD-AF656BEF,CLI-CA0841DE,2025-11-10,Support,1218.43,CANCELLED
ORD-8997B384,CLI-8C1AB2C7,2025-07-12,SaaS,3204.02,CANCELLED
ORD-97AECC61,CLI-C6EC9E60,2025-10-23,Support,3704.48,PENDING
ORD-B79F18EB,CLI-9565BC2F,2024-08-05,SaaS,261.57,PENDING
ORD-070FC7E9,CLI-50FD9D3F,2025-12-26,Setup,2196.82,COMPLETED
ORD-C7F4E7C7,CLI-56830783,2025-07-26,SaaS,81.78,CANCELLED
ORD-78FD07FF,CLI-3AF33CC5,2024-09-05,Support,1554.46,PENDING
ORD-3C7FF37D,CLI-0C3EDD5C,2025-04-11,SaaS,618.67,CANCELLED
ORD-669A4E0C,CLI-B1FEAD13-DUP,2024-08-10,Support,3762.91,PENDING
ORD-1933BAD6,CLI-3F05344C,2024-10-14,Support,4702.78,CANCELLED
ORD-ED791D94,CLI-68A69E71,2025-10-31,Setup,280.36,CANCELLED
ORD-7E8673BF,CLI-5F234322,2025-03-31,Consulting,1544.53,COMPLETED
ORD-AF27966D,CLI-29451370,2024-12-28,SaaS,596.73,PENDING
ORD-6BE74E77,CLI-354F184E,2024-10-23,Support,1172.48,PENDING
ORD-97D90588,CLI-INVALID-356,2025-06-02,Support,1972.08,COMPLETED
ORD-8A91919E,CLI-1DD73F1F,2024-11-01,Consulting,2815.73,PENDING
ORD-F3BC1432,CLI-99EA5BBD,2024-09-07,SaaS,439.85,CANCELLED
ORD-0B2EADB9,CLI-32339053,2026-03-19,SaaS,335.37,PENDING
ORD-47E044B7,CLI-69C9520F,2025-05-10,Consulting,455.68,COMPLETED
ORD-A6E9B5AE,CLI-3D131A3D,2024-07-03,Support,2259.43,PENDING
ORD-D5274A01,CLI-CD03A402,2025-07-20,Setup,3659.04,CANCELLED
ORD-7D866EAA,CLI-799F52C0,2024-08-23,Setup,331.56,CANCELLED
ORD-9EABEFFC,CLI-6E988798,2025-06-19,SaaS,4939.83,COMPLETED
ORD-B4E18029,CLI-8DD7B77D,2025-01-09,Consulting,1095.73,COMPLETED
ORD-D5329488,CLI-3A4317A1,2025-02-06,Consulting,515.89,CANCELLED
ORD-8F8072B9,CLI-90B7F26F,2025-05-30,SaaS,3003.58,CANCELLED
ORD-0DB594FF,CLI-31F55560,2025-03-07,Consulting,3464.22,CANCELLED
ORD-FDB94388,CLI-CAAA5BBE,2025-05-20,Consulting,1075.55,CANCELLED
ORD-1EDB568B,CLI-72FCC072,2026-01-01,Consulting,1147.93,COMPLETED
ORD-0B9FEC78,CLI-DC160E3D,2025-01-06,SaaS,2658.07,COMPLETED
ORD-55397A02,CLI-AA29EE4C,2025-05-28,Setup,3026.81,CANCELLED
ORD-8C542108,CLI-A8CC6E3B,2025-11-30,SaaS,4110.63,COMPLETED
ORD-E9289E9D,CLI-9565BC2F,2025-01-15,Setup,4995.99,COMPLETED
ORD-8EC23F07,CLI-8DF1363A,2026-02-27,SaaS,395.21,CANCELLED
ORD-D1A37650,CLI-C4AF9DC9,2025-10-21,Consulting,4344.85,CANCELLED
ORD-9925DF49,CLI-8C83BC68,2024-12-01,Setup,234.75,COMPLETED
ORD-37B678C4,CLI-785CA87B,2025-12-13,Consulting,2796.55,COMPLETED
ORD-0BCFED34,CLI-DC160E3D,2025-09-12,Support,2630.52,CANCELLED
ORD-EA279487,CLI-331BD602,2025-11-09,Consulting,3951.89,CANCELLED
ORD-C2ABD8E0,CLI-E271FFF9,2026-04-01,Support,3198.45,PENDING
ORD-EF2EA5E6,CLI-C6EC9E60-DUP,2025-04-03,SaaS,4392.86,PENDING
ORD-EB7D5CEF,CLI-1F8C56E0,2024-10-03,Consulting,3301.47,CANCELLED
ORD-867432EC,CLI-72FCC072,2026-02-26,Consulting,3688.13,COMPLETED
ORD-E6DB8A5B,CLI-4B77CF1C,2024-06-04,SaaS,1265.89,CANCELLED
ORD-454FF2AB,CLI-1E7D8F7B,2024-09-15,SaaS,882.57,COMPLETED
ORD-70709B65,CLI-E97F995D,2025-03-21,SaaS,4192.08,COMPLETED
ORD-CD7E2E13,CLI-BE2F7685,2025-07-20,SaaS,4900.38,PENDING
ORD-77AB5595,CLI-E5BDBB3E-DUP,2024-06-22,Setup,3123.94,CANCELLED
ORD-8231B35C,CLI-A127DC6B,2026-03-20,Consulting,1657.7,PENDING
ORD-6221F89C,CLI-AF521B94,2025-01-13,Setup,4117.96,COMPLETED
ORD-6ECAD0F5,CLI-A6091AD0,2025-07-25,Support,4786.21,CANCELLED
ORD-9195164C,CLI-F4672866,2024-11-23,SaaS,2870.74,CANCELLED
ORD-4E381D81,CLI-2CB37E23,2024-08-25,Consulting,130.4,PENDING
ORD-30FA0CB4,CLI-AB9099A4,2024-10-19,Setup,3383.07,CANCELLED
ORD-BCD1E347,CLI-F5F3943A,2025-06-14,Support,1323.9,CANCELLED
ORD-2CFC8075,CLI-C4AF9DC9,2024-12-18,Consulting,2563.27,PENDING
ORD-D53690B0,CLI-A6388854,2024-06-09,Setup,1750.45,COMPLETED
ORD-021D1D13,CLI-CBF78EB1,2024-11-22,Support,4401.73,CANCELLED
ORD-67A4BF73,CLI-A0F35470,2025-01-19,Setup,1087.17,PENDING
ORD-96B53C4C,CLI-7B90942F,2025-01-28,Consulting,-2639.02,CANCELLED
ORD-9C4B1428,CLI-C6EC9E60-DUP,2025-09-08,Support,1100.72,CANCELLED
ORD-6898E551,CLI-FC78090E,2025-10-19,Support,2965.76,CANCELLED
ORD-42C7DE49,CLI-30E912F2,2025-08-22,SaaS,4339.36,COMPLETED
ORD-B74041D4,CLI-E88DA719,2026-04-06,Support,1113.72,COMPLETED
ORD-A7120DFE,CLI-472E2F3B,2025-01-27,Support,4154.88,COMPLETED
ORD-2E427C4B,CLI-82E4DD4A,2024-10-21,Consulting,3327.82,PENDING
ORD-52FF1B8C,CLI-C24217C5,2025-12-01,SaaS,1671.95,CANCELLED
ORD-7C0664AA,CLI-A52523E3,2025-01-30,SaaS,2072.22,COMPLETED
ORD-897CB965,CLI-5E6BA460,2025-07-28,Setup,3987.25,PENDING
ORD-AEB7976F,CLI-7B90942F,2026-02-12,Setup,214.8,CANCELLED
ORD-FE22A8C3,CLI-BDF68EB0-DUP,2025-12-23,Support,903.53,COMPLETED
ORD-ABD20197,CLI-9AB8180F,2025-03-02,Setup,3805.77,CANCELLED
ORD-C39DD70C,CLI-ED113FAF,2024-09-05,Support,3614.45,CANCELLED
ORD-A4880369,CLI-1F20C257,2026-03-29,Setup,4042.24,COMPLETED
ORD-63258518,CLI-E39836BB-DUP,2025-01-19,Consulting,2644.7,COMPLETED
ORD-985AAA57,CLI-3DE667F9,2024-11-29,Support,1117.38,CANCELLED
ORD-5EEBAFAD,CLI-2CBA1BC6,2025-04-11,Support,2709.22,COMPLETED
ORD-1FC08D8F,CLI-C9C01379,2026-03-03,Setup,3726.78,PENDING
ORD-635C1B32,CLI-3354B4BE,2024-11-20,Support,4436.4,PENDING
ORD-9AFF0070,CLI-44852295,2025-05-17,Support,2571.73,PENDING
ORD-3D4B1695,CLI-8C1AB2C7-DUP,2026-04-12,Setup,4300.52,COMPLETED
ORD-DE84BCD1,CLI-E658EB6A,2024-06-14,Consulting,2258.32,PENDING
ORD-05C45ACF,CLI-5286F977,2026-04-25,Support,2809.98,PENDING
ORD-1376CA78,CLI-08F548E7,2025-01-11,Support,1575.22,COMPLETED
ORD-922B713C,CLI-785CA87B,2026-02-06,SaaS,2962.38,PENDING
ORD-436DA10D,CLI-D059B594,2025-01-31,Setup,3643.56,CANCELLED
ORD-215070D4,CLI-A0F35470,2026-04-13,Support,1742.68,COMPLETED
ORD-BCA30593,CLI-2DB69EDB,2024-07-21,SaaS,232.25,CANCELLED
ORD-13EA7AE0,CLI-2AC38BD3,2024-07-21,Support,2945.33,PENDING
ORD-F62F7486,CLI-5C238D8D,2025-04-17,Setup,553.92,PENDING
ORD-82BEFC49,CLI-BE2F7685,2025-09-06,Support,3664.32,CANCELLED
ORD-ABD4B9A0,CLI-4151344E,2025-09-12,Support,1439.29,CANCELLED
ORD-57D4F8C4,CLI-67CBA27A,2026-05-09,Setup,128.32,COMPLETED
ORD-2E33FAF0,CLI-3C4B1EEC,2025-07-18,Consulting,862.15,PENDING
ORD-3DF1B08F,CLI-A0F35470,2025-08-23,Support,4284.06,COMPLETED
ORD-6377FF85,CLI-7DEF3B8E,2025-02-23,Setup,321.24,PENDING
ORD-742B1E85,CLI-E892464D,2025-11-11,Setup,1256.0,COMPLETED
ORD-9B0FA7C1,CLI-0722AB3C,2024-12-02,SaaS,4330.48,COMPLETED
ORD-5B7B35A1,CLI-2737F345,2026-05-20,Support,1168.35,PENDING
ORD-F828EDB0,CLI-1E7D8F7B,2024-10-20,Setup,4329.41,COMPLETED
ORD-E69467D0,CLI-96418CED-DUP,2026-04-15,Support,92.88,PENDING
ORD-A3400266,CLI-ECF32053,2024-09-24,SaaS,4756.79,PENDING
ORD-4DB7FAD7,CLI-B30672DC,2025-10-22,SaaS,3131.96,COMPLETED
ORD-60754BC1,CLI-84C62E4B,2025-04-26,Consulting,4047.87,COMPLETED
ORD-926AA390,CLI-173A0C96,2024-07-31,SaaS,530.65,CANCELLED
ORD-30677475,CLI-65E58F34,2024-11-30,Consulting,4804.56,PENDING
ORD-3DFE5FF4,CLI-2EB23CA3,2026-05-09,SaaS,3060.92,CANCELLED
ORD-1736AADC,CLI-73C374A6,2026-05-18,Setup,2599.3,CANCELLED
ORD-321E746B,CLI-05D0F23A,2026-02-04,SaaS,1284.82,PENDING
ORD-8867260D,CLI-D6415102,2024-07-28,SaaS,341.49,COMPLETED
ORD-68228D75,CLI-3A4317A1,2025-11-17,Support,2767.7,COMPLETED
ORD-2F0B07D6,CLI-6DFE8745,2025-08-04,SaaS,4437.41,COMPLETED
ORD-6ABEF130,CLI-08683CBF,2025-01-04,SaaS,4295.55,CANCELLED
ORD-B0A54369,CLI-INVALID-207,2025-08-18,SaaS,4592.7,COMPLETED
ORD-24327C6F,CLI-EEB093FE,2025-03-26,Consulting,1287.79,COMPLETED
ORD-C83BE551,CLI-4D8670BD,2025-02-27,Support,2521.15,COMPLETED
ORD-161B0D82,CLI-1986B4B2,2025-11-21,SaaS,3175.56,PENDING
ORD-5A08AFD7,CLI-F5F3943A,2025-05-19,Consulting,4008.28,CANCELLED
ORD-A937D4C7,CLI-F5946DE4,2025-04-28,Setup,1046.12,CANCELLED
ORD-F0745DDA,CLI-E53DFC49,2024-08-22,Setup,3688.33,COMPLETED
ORD-83000F15,CLI-6F041C76,2026-03-02,SaaS,4509.79,CANCELLED
ORD-49BCBC58,CLI-67CBA27A,2025-07-02,Consulting,4741.24,COMPLETED
ORD-F461EEF8,CLI-INVALID-901,2026-01-03,Setup,1825.13,COMPLETED
ORD-549A7833,CLI-BE2D740A,2025-04-08,Setup,462.99,COMPLETED
ORD-22710801,CLI-0B9BD934,2024-11-02,Support,1975.2,CANCELLED
ORD-FB877CC4,CLI-C6EC9E60-DUP,2026-03-22,Consulting,2241.85,COMPLETED
ORD-23576198,CLI-173A0C96,2026-01-31,SaaS,4796.96,COMPLETED
ORD-7B63FC26,CLI-620AF158,2026-01-22,Setup,4347.27,CANCELLED
ORD-0444E642,CLI-6880534F,2024-10-23,SaaS,444.23,CANCELLED
ORD-3EF2C525,CLI-2AD98682,2025-07-08,Setup,2629.22,PENDING
ORD-0C3B491F,CLI-548C1D84,2026-04-24,Consulting,3779.75,PENDING
ORD-68A9B2BB,CLI-3F05344C,2025-05-06,SaaS,1234.87,CANCELLED
ORD-8E7CE430,CLI-FBC1085B,2024-11-28,Support,674.17,CANCELLED
ORD-2AB35719,CLI-2F23CD0C,2025-02-17,Consulting,1692.06,COMPLETED
ORD-277DBDC6,CLI-2294FA0A,2024-11-20,Consulting,4510.3,COMPLETED
ORD-F12EE3A3,CLI-E4353335,2026-01-23,Support,2595.48,PENDING
ORD-3803FD7F,CLI-8C1AB2C7-DUP,2025-05-10,Setup,3073.52,CANCELLED
ORD-5B7F7F66,CLI-C976EC61,2025-09-02,SaaS,4163.21,PENDING
ORD-EC7BE9E9,CLI-B5ED7CE8,2025-05-27,Support,3434.21,PENDING
ORD-F881EC7B,CLI-6ECFAAB4,2025-06-13,Consulting,480.58,PENDING
ORD-9E6AE5ED,CLI-874F7C5C,2025-05-20,Setup,645.49,PENDING
ORD-C75596AD,CLI-444122A5,2025-09-05,Setup,2060.98,COMPLETED
ORD-CF16F365,CLI-EB8F54D8,2024-06-30,Consulting,3014.32,PENDING
ORD-09A2B826,CLI-D86AF8F9-DUP,2024-07-26,Setup,352.08,CANCELLED
ORD-47E02C05,CLI-39323A07,2025-12-01,Consulting,818.41,PENDING
ORD-4108C01F,CLI-32339053,2025-04-08,SaaS,2080.54,COMPLETED
ORD-8DB55F78,CLI-0F9027D5-DUP,2024-05-28,Setup,1409.24,COMPLETED
ORD-BF32ED0D,CLI-677C25B0,2025-05-15,Setup,1904.9,PENDING
ORD-64986EC1,CLI-0722AB3C,2024-06-23,Support,4409.72,PENDING
ORD-22D30F66,CLI-6DF65800,2024-06-29,Setup,4132.24,CANCELLED
ORD-1B69F51D,CLI-F200A32C,2025-08-06,Consulting,3498.98,CANCELLED
ORD-5D4B5593,CLI-F51E2DF3,2025-11-15,Consulting,3707.49,COMPLETED
ORD-37AE9A19,CLI-3354B4BE,2025-07-06,SaaS,3627.14,CANCELLED
ORD-62E3129D,CLI-8224DA50-DUP,2024-10-05,Setup,4380.02,COMPLETED
ORD-7220ABF9,CLI-1891E25C,2025-07-09,SaaS,3224.67,PENDING
ORD-9B6E2C87,CLI-7A0CD56D,2025-05-29,Support,3917.32,PENDING
ORD-CB208D25,CLI-42F88FC5,2025-01-04,Consulting,808.22,PENDING
ORD-C263CF0D,CLI-173A0C96,2025-09-28,Consulting,2175.75,CANCELLED
ORD-C7B6BA72,CLI-472E2F3B,2025-01-13,SaaS,2405.55,PENDING
ORD-35D2BCAD,CLI-04F64D86,2025-09-03,Setup,1549.81,COMPLETED
ORD-904D27D3,CLI-94B59339,2024-09-29,Consulting,3303.35,CANCELLED
ORD-67A887EF,CLI-AB9099A4,2026-04-16,Consulting,1364.88,PENDING
ORD-A9FB4275,CLI-5807CF74,2024-06-28,SaaS,1831.71,PENDING
ORD-3D8A5371,CLI-C2FD6177,2025-09-21,Setup,4301.1,CANCELLED
ORD-66BAFF8A,CLI-D86AF8F9,2024-11-27,Consulting,1794.37,PENDING
ORD-542C2BF1,CLI-C4BB4ACE,2026-02-24,Setup,3669.58,PENDING
ORD-F77C2763,CLI-F9690579,2025-02-21,SaaS,1604.67,CANCELLED
ORD-19043F35,CLI-D5DA16FD,2025-09-14,Support,3009.13,COMPLETED
ORD-1E18446B,CLI-7DEF3B8E,2025-12-13,Support,4554.25,COMPLETED
ORD-007B453D,CLI-0A5A2698,2024-12-30,Support,3693.51,COMPLETED
ORD-4125F4E2,CLI-5FDC9844,2025-11-09,Support,2984.87,CANCELLED
ORD-8E541DA7,CLI-23D99D90-DUP,2025-02-04,Setup,4042.85,CANCELLED
ORD-B6C12525,CLI-356AD651,2025-12-06,SaaS,2615.1,COMPLETED
ORD-9DA368C9,CLI-INVALID-723,2025-10-02,SaaS,4132.0,COMPLETED
ORD-931A8FD8,CLI-8DF1363A,2024-06-18,Support,4703.58,CANCELLED
ORD-27F5E4D5,CLI-DC0228AF,2024-08-13,Setup,1597.38,CANCELLED
ORD-AD466DF0,CLI-F38324F7,2024-11-23,Consulting,3864.72,PENDING
ORD-98271523,CLI-4151344E,2025-03-18,Support,1871.67,COMPLETED
ORD-36B088A9,CLI-99FF70C6,2024-11-09,Setup,2693.19,COMPLETED
ORD-DB7611CD,CLI-3DE667F9,2025-01-06,Support,418.33,CANCELLED
ORD-504B402A,CLI-1E7D8F7B,2025-05-10,Support,1172.22,PENDING
ORD-DAA9D91A,CLI-2BA6ADB3,2026-05-06,SaaS,1376.75,CANCELLED
ORD-6FDC2550,CLI-A1C7CC8A,2026-01-31,Consulting,3384.04,PENDING
ORD-6A42B826,CLI-F295456E,2024-11-14,Support,4872.83,CANCELLED
ORD-85E9394E,CLI-5E6BA460,2025-03-06,SaaS,4009.6,COMPLETED
ORD-A06A5D3A,CLI-7F53DC0A,2025-09-17,Setup,4786.72,COMPLETED
ORD-CE57E676,CLI-F785DCC1,2026-05-10,Setup,585.62,CANCELLED
ORD-A10DB698,CLI-331BD602,2024-12-10,Setup,3803.21,CANCELLED
ORD-1C000740,CLI-F9690579,2025-06-09,Setup,3447.88,COMPLETED
ORD-24F661B4,CLI-4A1A4219,2024-07-06,SaaS,2278.22,CANCELLED
ORD-897C9F4E,CLI-1DD73F1F,2025-12-15,Setup,4758.54,PENDING
ORD-A970B211,CLI-5C238D8D,2025-06-10,Consulting,3370.27,COMPLETED
ORD-8AAD0693,CLI-D23C7585,2024-10-23,Support,345.34,COMPLETED
ORD-7B9FA2DB,CLI-INVALID-593,2024-06-27,SaaS,4398.33,PENDING
ORD-BD8EF507,CLI-1C86CF6F,2025-08-09,SaaS,4858.05,PENDING
ORD-1803E038,CLI-A8CC6E3B,2025-05-24,SaaS,3460.76,PENDING
ORD-38ED4351,CLI-996D9303,2024-06-26,Consulting,3301.01,PENDING
ORD-1BF3C2E5,CLI-4CB9BE7B,2025-07-29,SaaS,3989.43,PENDING
ORD-630C1E84,CLI-5BD20C98,2025-12-19,Setup,4535.73,CANCELLED
ORD-4C61D505,CLI-711533F3,2024-08-28,SaaS,3610.62,CANCELLED
ORD-92E90654,CLI-836FAD38,2024-08-05,Support,660.74,CANCELLED
ORD-F5F21B99,CLI-421D4DCA,2025-01-22,Consulting,-2349.51,COMPLETED
ORD-2BFFD2BF,CLI-5738B277,2025-03-14,SaaS,2019.97,COMPLETED
ORD-82923F7F,CLI-0C9EA060,2025-04-22,Setup,2878.36,CANCELLED
ORD-5E38FF70,CLI-A76AFDE6,2025-06-27,Setup,4223.06,COMPLETED
ORD-7AE2755C,CLI-INVALID-470,2025-01-07,Setup,2270.74,PENDING
ORD-14DC5CCC,CLI-08651A6E,2025-01-02,SaaS,3544.79,COMPLETED
ORD-B4DF649A,CLI-2CBA1BC6,2025-05-12,SaaS,2878.22,COMPLETED
ORD-14D9A397,CLI-E53DFC49,2026-02-10,SaaS,4318.5,COMPLETED
ORD-12DEE971,CLI-711533F3,2024-08-27,Support,2526.57,COMPLETED
ORD-A1961C45,CLI-E12DEF58,2025-07-04,Setup,1991.19,COMPLETED
ORD-D52DAF3F,CLI-0A5A2698,2025-03-16,Support,2815.15,CANCELLED
ORD-F44467EF,CLI-73A469A5,2025-09-16,Support,96.48,CANCELLED
ORD-39CDEA83,CLI-DCA7E284,2024-10-01,Support,3213.31,CANCELLED
ORD-DE47ABAE,CLI-B1FE69B8,2025-01-28,SaaS,3786.9,PENDING
ORD-70547BE4,CLI-C976EC61,2025-11-06,Consulting,4300.99,COMPLETED
ORD-7BD06794,CLI-E8CEE951,2024-07-01,Setup,1965.73,CANCELLED
ORD-F40F9B9C,CLI-E0218CAF,2026-05-21,Support,2097.1,PENDING
ORD-761A0820,CLI-E892464D,2024-09-11,Support,1842.18,COMPLETED
ORD-FD2DD4E4,CLI-2737F345,2025-10-04,Consulting,2904.25,CANCELLED
ORD-BDDC50BA,CLI-A76AFDE6,2025-03-25,Support,1326.21,PENDING
ORD-84F797C2,CLI-DFB68A5F,2024-08-29,Support,4771.6,CANCELLED
ORD-70647540,CLI-AA29EE4C,2025-08-03,Support,3849.27,COMPLETED
ORD-77EB6995,CLI-173A0C96,2025-07-29,Support,4470.75,COMPLETED
ORD-8DCC4D11,CLI-18FDD2B9,2025-08-04,Consulting,2217.13,COMPLETED
ORD-29F98244,CLI-711533F3,2024-11-10,Consulting,4835.84,COMPLETED
ORD-C99979A6,CLI-AF32BAF8,2025-03-14,SaaS,2967.46,PENDING
ORD-21696A07,CLI-D3D4DDD3,2024-10-11,Support,-3416.25,CANCELLED
ORD-3E108DF1,CLI-665EC4DD,2025-05-12,SaaS,745.85,COMPLETED
ORD-498A6C25,CLI-9798739E,2025-06-17,Setup,1361.26,COMPLETED
ORD-0282A0C6,CLI-D9CB3540,2024-11-28,Setup,2914.35,PENDING
ORD-6902AD05,CLI-D2ED3196,2025-12-01,Setup,-2670.57,COMPLETED
ORD-8CF74DE1,CLI-13D5AC4F,2025-06-16,Support,197.82,CANCELLED
ORD-1F51E3C6,CLI-INVALID-284,2024-11-23,SaaS,258.11,PENDING
ORD-66BA881E,CLI-2408A6DC,2026-04-30,Consulting,510.5,CANCELLED
ORD-E2B345EA,CLI-B5A4C55B,2025-06-08,Consulting,2386.28,CANCELLED
ORD-2C765E0E,CLI-AAB07015,2025-07-20,SaaS,829.65,PENDING
ORD-8ABA1684,CLI-665EC4DD,2025-07-05,SaaS,-618.53,PENDING
ORD-AF4D65D4,CLI-INVALID-180,2024-07-21,SaaS,3522.84,COMPLETED
ORD-5C60D130,CLI-285EED0A,2024-12-28,Setup,-3297.61,COMPLETED
ORD-0E38C346,CLI-B58194E0,2026-02-18,Setup,2516.53,PENDING
ORD-5B02D0E3,CLI-42442FCE,2024-09-27,Support,2359.01,PENDING
ORD-88D8845D,CLI-3516567D,2026-03-20,Setup,301.46,PENDING
ORD-E6EF2A35,CLI-B8A9B014,2024-11-14,Consulting,2885.68,PENDING
ORD-982BD35C,CLI-A76AFDE6,2024-09-14,Consulting,3988.32,PENDING
ORD-9EF7497F,CLI-638CF9E3,2025-08-31,SaaS,3720.56,COMPLETED
ORD-F9B5DC89,CLI-13D5AC4F,2025-05-13,Consulting,578.94,COMPLETED
ORD-8CB9B57E,CLI-B63D65D5,2025-11-05,Setup,2878.71,COMPLETED
ORD-44C6690C,CLI-29B67B14,2025-07-19,Consulting,789.5,PENDING
ORD-A1B2B008,CLI-356AD651,2026-03-20,Setup,2987.28,COMPLETED
ORD-99FEA79B,CLI-39D1C7FF,2024-09-22,SaaS,1094.51,PENDING
ORD-F6927421,CLI-AFE2FF5C,2025-01-06,Consulting,2324.48,PENDING
ORD-14691539,CLI-08F548E7,2025-06-07,Consulting,2934.98,CANCELLED
ORD-784692FF,CLI-741423B5,2025-11-07,Consulting,3283.02,CANCELLED
ORD-30F70723,CLI-FC78090E,2025-09-01,Consulting,2332.39,CANCELLED
ORD-F977EE47,CLI-3FBACF5F,2026-02-17,Setup,3132.05,PENDING
ORD-84BE35C1,CLI-A3607681,2026-02-17,SaaS,2060.2,COMPLETED
ORD-4BFCFBA0,CLI-CAAA5BBE,2024-08-24,Support,1170.65,CANCELLED
ORD-99F5D74F,CLI-BAC8F92F,2024-07-12,Setup,3151.1,PENDING
ORD-C77A0940,CLI-E592EE7C,2026-05-03,Consulting,680.85,COMPLETED
ORD-3B1E27D9,CLI-BDF68EB0,2024-07-02,SaaS,811.26,CANCELLED
ORD-25F78B6F,CLI-F4AC27EF,2025-05-01,SaaS,3166.17,CANCELLED
ORD-423539DE,CLI-716FB276,2025-05-19,Setup,962.52,PENDING
ORD-CC145445,CLI-2DB69EDB,2024-11-03,Setup,3188.97,CANCELLED
ORD-D58539AF,CLI-2FCB0DCE,2025-12-26,Setup,1565.57,CANCELLED
ORD-151979A1,CLI-FECFC0DB,2026-05-13,Consulting,4562.39,CANCELLED
ORD-77087D96,CLI-93676A02,2025-11-08,Consulting,872.51,PENDING
ORD-B40303C4,CLI-INVALID-836,2026-05-05,SaaS,1053.82,PENDING
ORD-25494071,CLI-44725AB7,2025-04-20,Support,2062.57,COMPLETED
ORD-A42C150F,CLI-8B8A7166,2024-11-22,Support,3310.36,CANCELLED
ORD-F34B1820,CLI-73C374A6-DUP,2025-02-14,Setup,3634.39,CANCELLED
ORD-04EBE955,CLI-92D2408E,2024-12-13,Consulting,1563.6,CANCELLED
ORD-38F14F3D,CLI-51B3CCF5,2025-01-24,Consulting,3460.0,COMPLETED
ORD-572398EB,CLI-9402C7BE-DUP,2024-11-22,Consulting,-1145.51,COMPLETED
ORD-C2165055,CLI-985E7E89,2025-05-07,Setup,2144.35,COMPLETED
ORD-0B797ACF,CLI-42F88FC5,2025-01-16,SaaS,4103.71,PENDING
ORD-B56D7AC7,CLI-277D1BE9,2024-07-29,Setup,4116.42,PENDING
ORD-0D65519E,CLI-50FD9D3F-DUP,2024-12-10,Consulting,2959.41,CANCELLED
ORD-5F0FDBEA,CLI-E0218CAF,2026-01-09,SaaS,1996.69,COMPLETED
ORD-134B4C6B,CLI-212804C5,2025-07-27,Consulting,4013.88,CANCELLED
ORD-9C7A3FB5,CLI-5B7117BD,2026-04-27,SaaS,1779.02,CANCELLED
ORD-F30B79DC,CLI-DC160E3D,2024-08-21,Support,3475.43,PENDING
ORD-3EFBE96D,CLI-0D565923,2024-06-06,Support,2598.91,COMPLETED
ORD-5D5BEC72,CLI-794954DB,2026-03-07,Support,4267.77,COMPLETED
ORD-500A8AA0,CLI-9A0BD63D,2024-06-24,Consulting,-4376.3,COMPLETED
ORD-6B86E231,CLI-244F4CE3,2025-08-03,Support,3314.68,COMPLETED
ORD-8153E500,CLI-331BD602,2024-06-24,SaaS,1118.07,COMPLETED
ORD-0CD06A34,CLI-C6B6E4AD,2025-11-11,Consulting,1458.42,PENDING
ORD-E55531D8,CLI-9D96BF5E-DUP,2025-03-06,SaaS,2712.84,PENDING
ORD-BBDE30B8,CLI-974E598D,2025-02-06,Setup,613.71,PENDING
ORD-66776C0C,CLI-12FE28BF,2025-11-30,Consulting,3157.17,PENDING
ORD-28167A6F,CLI-C6EC9E60,2026-01-17,SaaS,219.66,CANCELLED
ORD-048AC7A3,CLI-EC814510,2025-04-30,Consulting,3179.75,CANCELLED
ORD-E2620152,CLI-E9B5C5CF,2025-06-09,Setup,1148.63,COMPLETED
ORD-14559383,CLI-10C1DE9C,2024-12-01,Support,1456.08,PENDING
ORD-11813A48,CLI-0B9BD934,2026-02-18,Setup,1925.64,PENDING
ORD-CBACC8B6,CLI-22D839D3,2025-02-16,Support,1556.39,COMPLETED
ORD-705B7572,CLI-E3E3E73B,2024-10-25,Consulting,3764.95,COMPLETED
ORD-CA7F7244,CLI-711533F3,2024-10-28,Support,2669.82,CANCELLED
ORD-B000D73D,CLI-C9C01379,2025-07-06,SaaS,1247.67,CANCELLED
ORD-033AC08A,CLI-59008D65,2026-02-06,Consulting,583.27,PENDING
ORD-A87EC290,CLI-20156A72,2024-07-06,Setup,1906.0,PENDING
ORD-8CF198E3,CLI-E746CCB9,2026-01-31,Support,3734.66,PENDING
ORD-36ED1588,CLI-90B950BB,2024-06-03,Setup,2574.51,COMPLETED
ORD-50185627,CLI-56B09052,2024-09-17,Setup,344.22,CANCELLED
ORD-FDD8D2B2,CLI-E182701B,2025-07-14,Support,2484.01,PENDING
ORD-5BF64136,CLI-CABAEF3C,2024-08-05,Support,1968.06,COMPLETED
ORD-2A7A9FA2,CLI-69C9520F,2024-08-26,SaaS,2289.09,COMPLETED
ORD-DA65C703,CLI-444122A5,2026-02-03,SaaS,1470.5,COMPLETED
ORD-1A2F9C4D,CLI-5B619EBE,2026-03-30,Consulting,1876.36,CANCELLED
ORD-1D60CFB3,CLI-550A1B46,2026-02-05,Consulting,2093.45,CANCELLED
ORD-089CFD5A,CLI-8C357321,2025-07-25,Support,2788.96,COMPLETED
ORD-CF70B5E7,CLI-FDB269E5,2026-01-08,Setup,745.65,PENDING
ORD-263059B7,CLI-E3E3E73B,2024-11-24,Support,766.5,COMPLETED
ORD-39F2F9AC,CLI-60A399D4,2026-04-14,SaaS,2334.37,CANCELLED
ORD-EB8ACD15,CLI-E746CCB9,2024-12-03,SaaS,1932.28,CANCELLED
ORD-EE4100C0,CLI-5738B277,2025-12-18,SaaS,2073.38,CANCELLED
ORD-50B95CEC,CLI-7B90942F,2026-02-03,Support,4082.18,CANCELLED
ORD-361F83DA,CLI-AF32BAF8,2024-12-22,SaaS,3645.09,COMPLETED
ORD-F1A158D1,CLI-71219097,2026-02-11,SaaS,511.52,PENDING
ORD-509ADA07,CLI-50FD9D3F,2025-09-02,Support,1741.94,CANCELLED
ORD-BEADD82A,CLI-AB9099A4,2024-12-11,SaaS,2279.66,PENDING
ORD-05936FBA,CLI-D14B049B,2024-10-16,Setup,3319.88,PENDING
ORD-A951027B,CLI-F884195D,2026-05-08,Setup,2395.32,COMPLETED
ORD-43F96C59,CLI-99FF70C6,2024-11-29,Support,185.24,COMPLETED
ORD-9D682957,CLI-F5F3943A,2024-12-22,Consulting,577.39,CANCELLED
ORD-6D377252,CLI-3894DE06,2025-11-30,Support,400.5,PENDING
ORD-F2ACF3FC,CLI-BC715183,2025-03-10,SaaS,3528.97,CANCELLED
ORD-683164FF,CLI-5BD20C98,2025-12-21,Consulting,4982.43,PENDING
ORD-4A644ECF,CLI-E182701B,2026-04-19,Support,1973.06,PENDING
ORD-9747F9E1,CLI-44725AB7,2024-12-09,Setup,1923.93,CANCELLED
ORD-FCFC7F44,CLI-741423B5,2024-07-03,Support,4496.01,PENDING
ORD-A762329C,CLI-6F4CC69A,2025-05-11,Setup,2250.35,CANCELLED
ORD-1C536E83,CLI-7C8B7F1E,2026-04-05,SaaS,4088.57,PENDING
ORD-9DB7E77F,CLI-D9CB3540,2024-06-11,SaaS,3806.5,PENDING
ORD-6C417982,CLI-68A69E71,2025-04-17,Consulting,4726.83,COMPLETED
ORD-B38A5783,CLI-DCA7E284,2026-04-01,Setup,2618.97,COMPLETED
ORD-BA15A44A,CLI-0E512083,2024-11-12,Consulting,589.05,COMPLETED
ORD-677ADC61,CLI-65E58F34,2026-05-11,Consulting,3488.92,CANCELLED
ORD-3C406CA2,CLI-4688D612,2024-08-08,Support,4788.36,COMPLETED
ORD-B907BE84,CLI-E3E3E73B,2024-09-13,Consulting,3487.63,CANCELLED
ORD-9F29F7DF,CLI-F51E2DF3,2024-09-14,Support,1911.77,CANCELLED
ORD-F57E5464,CLI-09673567,2024-11-17,Consulting,3335.72,COMPLETED
ORD-5D2474AB,CLI-9565BC2F,2025-07-07,SaaS,1983.06,PENDING
ORD-637A0E52,CLI-0E512083,2024-09-01,SaaS,2339.41,PENDING
ORD-D1D1FAD2,CLI-8C83BC68,2025-08-01,Support,1886.42,COMPLETED
ORD-01414BA4,CLI-73C374A6,2026-02-03,Consulting,3329.98,CANCELLED
ORD-8A7F65AB,CLI-29B67B14,2026-05-15,Support,704.99,CANCELLED
ORD-061B4492,CLI-57D52B78,2025-08-22,Consulting,674.41,PENDING
ORD-C54DC556,CLI-INVALID-782,2025-11-24,SaaS,447.01,PENDING
ORD-C9AC0911,CLI-A2624FD2,2024-11-25,SaaS,398.55,COMPLETED
ORD-A7B7D0FD,CLI-3D131A3D,2025-12-04,Setup,55.98,CANCELLED
ORD-E9C7D673,CLI-84C62E4B,2025-10-25,Support,3141.24,PENDING
ORD-877B4F5B,CLI-8C357321,2024-08-24,Support,4664.23,CANCELLED
ORD-B981F6A1,CLI-2CBA1BC6,2025-03-27,Consulting,2092.83,COMPLETED
ORD-369C5408,CLI-E39836BB,2025-11-24,Support,2675.02,PENDING
ORD-D4169BCC,CLI-8C1AB2C7,2024-06-15,Consulting,362.5,PENDING
ORD-307445DE,CLI-71219097,2025-01-11,SaaS,3466.88,PENDING
ORD-AA9AD6C5,CLI-B6B2B13C,2024-07-13,Consulting,124.01,CANCELLED
ORD-A29397C0,CLI-FAB0A15D,2026-01-03,Support,742.56,COMPLETED
ORD-9FE6F0F7,CLI-A6091AD0,2025-07-13,Consulting,3032.39,COMPLETED
ORD-852E3249,CLI-44852295,2024-12-14,Consulting,3093.76,CANCELLED
ORD-E2404E6F,CLI-53133EA1,2024-08-17,Setup,3661.75,COMPLETED
ORD-8FDA8D85,CLI-7F85C4E7,2025-05-25,SaaS,1324.64,PENDING
ORD-A3EB3FB3,CLI-D947C72A,2026-03-21,Consulting,2989.47,PENDING
ORD-26E5CE42,CLI-C6EC9E60,2024-06-05,Setup,308.05,PENDING
ORD-653066A3,CLI-B582EF0C,2025-11-05,Consulting,625.34,COMPLETED
ORD-51C91BEC,CLI-FA6D81EE,2025-01-31,Support,1519.94,PENDING
ORD-5BE79EB4,CLI-99EA5BBD,2026-05-09,Setup,4852.35,PENDING
ORD-AEA3FAEC,CLI-3C4B1EEC,2024-07-26,SaaS,3235.32,PENDING
ORD-6CFA7287,CLI-1DD73F1F,2024-09-10,Setup,4817.72,PENDING
ORD-BAF3D8E5,CLI-A50EE5E7,2026-02-05,Consulting,565.16,COMPLETED
ORD-BE3CCFAC,CLI-1986B4B2,2026-04-17,Consulting,2738.05,CANCELLED
ORD-F6280C5F,CLI-2737F345,2026-03-20,Consulting,4971.42,COMPLETED
ORD-A2FD3E96,CLI-18578BAF,2025-04-12,Support,3430.61,PENDING
ORD-9DFFAFF5,CLI-EC814510,2025-04-18,SaaS,-789.26,CANCELLED
ORD-B76A9338,CLI-6F041C76,2024-09-19,Support,2376.3,COMPLETED
ORD-17645034,CLI-9E0383D4,2025-10-07,SaaS,827.2,COMPLETED
ORD-C4C1E376,CLI-50640AE6,2024-11-28,Consulting,210.19,COMPLETED
ORD-FEFBFCE1,CLI-53133EA1,2025-04-20,Consulting,1079.56,COMPLETED
ORD-30BE1901,CLI-4A74982E,2025-09-26,Consulting,3741.82,CANCELLED
ORD-6F4B0E53,CLI-D98F5E83,2025-12-07,Consulting,2311.64,CANCELLED
ORD-6C09F3F0,CLI-96418CED,2026-01-29,Support,603.69,CANCELLED
ORD-DBAE47C4,CLI-E4EE8F51,2024-05-26,Setup,2382.66,PENDING
ORD-76DCDFCC,CLI-C2FD6177,2024-05-28,Setup,143.36,PENDING
ORD-4CA07A68,CLI-FBC1085B,2024-09-06,Support,544.27,CANCELLED
ORD-515EB10E,CLI-28317F0D,2026-01-13,Support,2952.43,CANCELLED
ORD-B5565022,CLI-42442FCE,2025-01-22,Consulting,3608.25,CANCELLED
ORD-530A6263,CLI-2CBA1BC6,2025-05-27,Consulting,709.14,PENDING
ORD-B30E4822,CLI-A61BDC7D,2026-02-05,Setup,1213.31,PENDING
ORD-0BF6076A,CLI-3894DE06,2025-12-10,SaaS,1732.32,COMPLETED
ORD-2E7BD3EB,CLI-E12DEF58,2025-04-28,Consulting,4094.5,PENDING
ORD-3CEAEFBC,CLI-36760CE5,2024-06-08,Setup,4916.71,CANCELLED
ORD-CC9D2242,CLI-INVALID-877,2026-03-05,Setup,2985.39,COMPLETED
ORD-B12FDAEF,CLI-DC0228AF,2025-12-07,Setup,4469.72,CANCELLED
ORD-71E61A36,CLI-985E7E89,2025-05-22,SaaS,3695.44,COMPLETED
ORD-4E31FB70,CLI-8C83BC68,2025-11-30,Support,4947.72,PENDING
ORD-FF5062F3,CLI-AF32BAF8,2025-03-05,Setup,1288.06,CANCELLED
ORD-EDA96D69,CLI-94E2A33D,2026-04-29,Consulting,242.93,COMPLETED
ORD-EA58867E,CLI-173A0C96,2025-06-04,Setup,3561.13,PENDING
ORD-8426AB76,CLI-8DD7B77D,2025-07-27,Consulting,398.22,COMPLETED
ORD-D64C495B,CLI-8C1AB2C7-DUP,2025-07-17,Support,4517.39,CANCELLED
ORD-0C73949F,CLI-7F53DC0A,2026-03-22,Consulting,3185.34,COMPLETED
ORD-836BD2F7,CLI-638CF9E3,2025-02-16,Support,4415.54,CANCELLED
ORD-655B635C,CLI-CE63CB1A,2025-10-16,SaaS,3846.6,CANCELLED
ORD-FAEF8FEF,CLI-F7FD5646,2025-08-15,Setup,2377.81,PENDING
ORD-46F0460B,CLI-44852295,2024-08-13,SaaS,4508.24,PENDING
ORD-C56C610D,CLI-EB8F54D8,2026-04-02,Setup,4150.28,CANCELLED
ORD-6418861E,CLI-D5AD86BC,2024-06-16,Setup,2287.03,COMPLETED
ORD-F46E1583,CLI-79EAE461,2025-08-26,SaaS,4602.04,PENDING
ORD-AC03AD01,CLI-53133EA1,2025-05-23,Support,4282.61,CANCELLED
ORD-AD5C5B51,CLI-E39836BB,2024-06-22,Consulting,2654.93,COMPLETED
ORD-634F589E,CLI-7027E1F1,2024-08-01,Consulting,534.42,PENDING
ORD-281EF235,CLI-E88DA719,2024-09-10,Consulting,62.94,CANCELLED
ORD-9AA0B64C,CLI-B1FEAD13-DUP,2025-01-28,Setup,117.59,CANCELLED
ORD-D244BF37,CLI-13EECDC6,2025-10-06,Support,1159.83,PENDING
ORD-1E6EFE84,CLI-A53E62BA,2024-12-19,Support,1227.57,COMPLETED
ORD-7B69082F,CLI-71219097,2025-05-16,Setup,315.47,PENDING
ORD-B1E2640C,CLI-E12DEF58,2025-04-20,SaaS,2946.54,COMPLETED
ORD-4F25A44B,CLI-5BD20C98,2024-12-05,Setup,612.05,CANCELLED
ORD-904FDA43,CLI-AA2FD9D1,2024-11-23,SaaS,4006.02,CANCELLED
ORD-07980AB9,CLI-400945CE,2025-04-09,Support,3675.47,COMPLETED
ORD-B5C81C42,CLI-406BF02D,2025-08-30,Setup,789.66,PENDING
ORD-41B51E5B,CLI-29451370,2025-02-20,Setup,2809.41,PENDING
ORD-7FEDCE8A,CLI-D69BDEB1,2025-05-24,Setup,4849.15,COMPLETED
ORD-99C1510C,CLI-D5AD86BC,2024-07-09,Support,2466.39,COMPLETED
ORD-B88B1D28,CLI-E9B5C5CF,2025-09-19,Consulting,3486.69,PENDING
ORD-F2EAF34C,CLI-E49D681D,2025-01-26,SaaS,3443.98,PENDING
ORD-0614F005,CLI-7ACC9970,2026-03-26,SaaS,3047.19,PENDING
ORD-9C91E8E5,CLI-E271FFF9,2024-06-18,Support,326.29,CANCELLED
ORD-A6285D8E,CLI-AA29EE4C,2024-10-13,Consulting,4566.2,CANCELLED
ORD-93F73F1A,CLI-0D565923,2026-03-28,Consulting,3194.21,COMPLETED
ORD-6AFBB138,CLI-AB9099A4,2024-06-24,SaaS,1160.44,CANCELLED
ORD-2E8C7B3D,CLI-588309DE,2025-04-21,SaaS,2578.99,PENDING
ORD-CA0EA52E,CLI-EE1595CF,2024-09-23,Consulting,1654.54,COMPLETED
ORD-BE14A4B7,CLI-21B6EB84,2024-06-12,SaaS,835.96,COMPLETED
ORD-6B493C5E,CLI-A8CC6E3B,2025-02-16,Setup,2789.36,COMPLETED
ORD-04FAD688,CLI-CABAEF3C,2025-09-09,Setup,115.05,PENDING
ORD-76063072,CLI-7DEF3B8E,2024-10-31,Support,1322.49,CANCELLED
ORD-CF7A895F,CLI-6C65659D,2025-10-16,Setup,2759.9,PENDING
ORD-246C68D3,CLI-BE59D035,2026-03-17,Support,2317.83,COMPLETED
ORD-FD28CE09,CLI-331BD602,2024-09-09,Support,2636.14,CANCELLED
ORD-57731B00,CLI-60A399D4,2024-10-15,Support,3791.65,COMPLETED
ORD-CB7E7784,CLI-A2624FD2,2024-10-19,Support,1966.6,PENDING
ORD-24F3CF37,CLI-6DFE8745,2025-04-30,Consulting,4848.6,COMPLETED
ORD-FBA4AED8,CLI-0C9EA060,2025-02-21,Setup,4983.71,COMPLETED
ORD-AE505915,CLI-F7BCBC14,2024-12-02,SaaS,469.47,CANCELLED
ORD-AF6650BE,CLI-INVALID-819,2025-03-13,SaaS,-636.57,PENDING
ORD-D3B6F12E,CLI-28317F0D,2024-12-19,Setup,2363.33,COMPLETED
ORD-73F8933A,CLI-92D2408E,2025-10-18,Setup,2762.46,PENDING
ORD-92161CC5,CLI-4D8670BD,2026-04-01,SaaS,1671.24,CANCELLED
ORD-2D3658ED,CLI-E6DDBBE3,2024-06-02,SaaS,575.37,COMPLETED
ORD-3AC9EB16,CLI-9402C7BE,2025-10-21,Consulting,2848.46,COMPLETED
ORD-9FD6BB59,CLI-INVALID-790,2025-12-23,Support,902.14,PENDING
ORD-DE3F7AA4,CLI-BBC1686B,2025-08-05,Setup,3287.07,CANCELLED
ORD-A9C15ADC,CLI-B1FE69B8,2025-10-02,Setup,1309.3,CANCELLED
ORD-36107E5B,CLI-CAFBC4FE,2025-04-12,SaaS,462.73,CANCELLED
ORD-FBB97C38,CLI-FA3BC921,2025-08-15,Consulting,4495.45,PENDING
ORD-728182A5,CLI-4BB3E035,2025-02-26,SaaS,2007.57,CANCELLED
ORD-16A19E43,CLI-D0207EDE,2026-01-05,Support,73.75,PENDING
ORD-142EE8FE,CLI-3F6C21F7,2024-12-12,SaaS,2628.78,CANCELLED
ORD-BC065165,CLI-17EAEC83,2024-06-26,Setup,4106.46,PENDING
ORD-2EC2A1DE,CLI-10C1DE9C,2024-11-29,Consulting,182.71,PENDING
ORD-B104781E,CLI-69C9520F,2026-04-28,Setup,3696.36,CANCELLED
ORD-8DCC967F,CLI-60A399D4,2025-09-25,Setup,1288.91,CANCELLED
ORD-80053FCB,CLI-2D474C4F,2025-09-23,SaaS,428.05,CANCELLED
ORD-0220DFC6,CLI-D14B049B,2026-02-25,SaaS,1032.87,COMPLETED
ORD-7ECE9B94,CLI-400945CE,2025-09-21,Consulting,2122.03,COMPLETED
ORD-DEA73968,CLI-AFE2FF5C,2026-03-02,Support,1517.71,CANCELLED
ORD-787166B2,CLI-73C374A6,2026-05-05,Setup,747.49,CANCELLED
ORD-74A69B3A,CLI-E97F995D,2026-04-25,Support,1963.65,CANCELLED
ORD-141A0F65,CLI-C2FD6177,2025-04-24,Support,4934.0,PENDING
ORD-6C7FAEB5,CLI-CAAA5BBE,2025-04-16,Support,1753.48,CANCELLED
ORD-F0D2421A,CLI-DBD0AD57-DUP,2025-05-04,Setup,3112.36,PENDING
ORD-47131514,CLI-E12DEF58,2024-05-28,Consulting,4423.21,CANCELLED
ORD-6F59D09B,CLI-4A1A4219,2024-10-05,Support,-4458.08,PENDING
ORD-9A51CBEA,CLI-8BD88FCD,2024-06-13,Consulting,2928.06,PENDING
ORD-59770A37,CLI-68A69E71,2025-03-18,SaaS,2418.66,PENDING
ORD-DE28E2CA,CLI-6E988798,2026-03-11,Support,2040.21,COMPLETED
ORD-1A25B90F,CLI-BAC8F92F,2025-02-25,Consulting,1299.0,CANCELLED
ORD-70A35B53,CLI-4024C424,2026-04-26,Consulting,4622.83,CANCELLED
ORD-DF48D169,CLI-DBC6C928-DUP,2026-02-23,Support,2098.59,COMPLETED
ORD-03AB8A34,CLI-2BA6ADB3,2025-05-19,Consulting,570.44,CANCELLED
ORD-B26B9BA7,CLI-D139E6D8,2026-02-28,Setup,3999.83,CANCELLED
ORD-D5587010,CLI-AA2FD9D1-DUP,2024-12-27,SaaS,2036.63,COMPLETED
ORD-8A50BD57,CLI-33EE16E7,2025-02-27,SaaS,426.33,PENDING
ORD-896F73B4,CLI-2FCB0DCE,2025-05-26,Consulting,4615.6,CANCELLED
ORD-38604A9D,CLI-68A69E71,2026-01-28,Consulting,228.22,CANCELLED
ORD-EAFFB333,CLI-BBC1686B,2024-06-06,Support,3681.25,PENDING
ORD-8B8E4C86,CLI-73A469A5,2025-03-05,Support,677.54,CANCELLED
ORD-B8ED9543,CLI-0C3EDD5C,2024-11-18,SaaS,762.92,CANCELLED
ORD-BE4E20CD,CLI-1C86CF6F,2024-05-30,Consulting,1171.16,CANCELLED
ORD-C1BA1623,CLI-E592EE7C,2026-05-10,Setup,1366.5,PENDING
ORD-CDE15C3E,CLI-974E598D,2026-02-06,Support,2155.15,PENDING
ORD-7845E0FF,CLI-5BD20C98,2024-10-31,Consulting,1686.43,PENDING
ORD-ECA9EB9D,CLI-56B09052,2026-01-07,SaaS,3362.51,PENDING
ORD-5676DC02,CLI-6D54C95A,2024-12-23,Support,256.71,CANCELLED
ORD-09E6C510,CLI-D6415102,2024-12-25,SaaS,3989.03,PENDING
ORD-6BDC01B5,CLI-C9C01379,2025-09-03,Setup,2710.31,PENDING
ORD-9BD53714,CLI-BBC1686B,2024-06-01,Setup,1985.32,CANCELLED
ORD-2DA61ACF,CLI-5E6BA460,2025-08-23,SaaS,2184.61,CANCELLED
ORD-700D5278,CLI-5C65A65C,2024-06-15,Support,3031.32,COMPLETED
ORD-D784A939,CLI-0A5A2698,2024-12-14,Consulting,1345.76,PENDING
ORD-0F24E803,CLI-D98F5E83,2024-07-26,SaaS,2092.27,COMPLETED
ORD-7FB14B4B,CLI-2CBA1BC6,2024-07-30,Support,193.23,COMPLETED
ORD-8C513A02,CLI-444122A5,2025-12-12,SaaS,2150.28,COMPLETED
ORD-CEE0B7F5,CLI-E49D681D,2024-10-16,Support,1861.58,PENDING
ORD-12250B77,CLI-F7294951,2026-05-24,Support,3296.89,PENDING
ORD-4BBA8A39,CLI-D8528ABB,2025-02-07,Support,1872.05,PENDING
ORD-E5845C89,CLI-7A0CD56D,2025-09-11,Support,1885.73,COMPLETED
ORD-49460A43,CLI-B1FEAD13,2026-03-12,Consulting,1536.79,CANCELLED
ORD-5DF1F49B,CLI-5B7117BD,2024-09-06,SaaS,3463.91,PENDING
ORD-112D894B,CLI-9D96BF5E-DUP,2025-08-14,Consulting,3808.57,COMPLETED
ORD-0F5EED86,CLI-E0218CAF,2026-01-02,SaaS,1902.59,CANCELLED
ORD-0695A0BA,CLI-9E4C24DD,2025-06-03,Consulting,1959.3,PENDING
ORD-EFEBD2BC,CLI-20156A72,2024-07-30,Consulting,3657.47,CANCELLED
ORD-FFA8BA5E,CLI-42E6918C,2025-12-10,Consulting,1464.37,PENDING
ORD-E6B39DE4,CLI-30E912F2,2024-06-22,Consulting,496.76,PENDING
ORD-D13A895F,CLI-D6FB3A95,2025-05-09,Setup,2935.82,COMPLETED
ORD-0216D820,CLI-1F8C56E0,2024-07-27,SaaS,3294.27,COMPLETED
ORD-8099527A,CLI-31B42308,2025-10-26,Support,3718.02,COMPLETED
ORD-7630B50D,CLI-FC9DC0D0,2025-04-02,Support,3847.33,COMPLETED
ORD-06A2AFEB,CLI-354F184E,2025-12-11,SaaS,1487.25,CANCELLED
ORD-4E292617,CLI-31B42308,2025-07-08,Consulting,4969.96,CANCELLED
ORD-6983E150,CLI-D6D441CC,2024-12-31,Setup,3241.39,COMPLETED
ORD-835CF16B,CLI-8C83BC68,2024-09-14,Consulting,2882.78,COMPLETED
ORD-F587A482,CLI-212804C5,2024-09-12,Support,2829.86,CANCELLED
ORD-FD922B6F,CLI-F7BCBC14,2024-07-14,Support,4958.92,COMPLETED
ORD-1D7A9181,CLI-B4A69F3C,2026-03-05,Support,1127.39,PENDING
ORD-28ACE558,CLI-0B9BD934,2024-06-10,Consulting,4340.7,PENDING
ORD-84ECD2AE,CLI-03255820,2025-05-07,Support,2177.79,PENDING
ORD-B51DD156,CLI-17EAEC83,2026-02-12,Support,2504.86,COMPLETED
ORD-D5D2D13B,CLI-E182701B,2024-10-15,Support,1917.76,CANCELLED
ORD-C4E8870D,CLI-DBD0AD57-DUP,2024-07-04,Support,509.47,COMPLETED
ORD-6CADB4C1,CLI-8C83BC68,2025-03-12,Support,2887.99,COMPLETED
ORD-F7C4E418,CLI-2DB69EDB,2025-03-11,Consulting,3057.3,CANCELLED
ORD-1BAC1C4A,CLI-1923CAFC,2025-11-18,Setup,1276.7,CANCELLED
ORD-0C6E2D47,CLI-50FD9D3F,2025-07-07,Consulting,2920.99,COMPLETED
ORD-E3B9B408,CLI-DFB68A5F,2025-06-19,Support,1116.69,PENDING
ORD-A6ADE006,CLI-EE1595CF,2024-09-27,Support,2731.47,PENDING
ORD-E9D0454A,CLI-11B7E948,2025-06-25,Consulting,2489.79,CANCELLED
ORD-1CD15E09,CLI-CBF78EB1,2024-10-26,SaaS,1721.44,CANCELLED
ORD-C73DB7D2,CLI-70BF1783,2025-11-24,Support,4821.08,PENDING
ORD-31483D3D,CLI-F200A32C,2024-09-08,Consulting,2470.74,CANCELLED
ORD-4FAADD5B,CLI-E49D681D,2025-03-23,Setup,3489.54,CANCELLED
ORD-C4480511,CLI-D8528ABB,2024-07-28,SaaS,4721.46,PENDING
ORD-664E8907,CLI-E592EE7C,2024-06-21,Setup,1697.94,PENDING
ORD-5EAFE559,CLI-INVALID-205,2025-04-11,SaaS,599.0,CANCELLED
ORD-6196EC64,CLI-2D1594CB,2024-08-19,Setup,3530.09,PENDING
ORD-6650AEE8,CLI-1986B4B2,2025-11-23,SaaS,4393.38,PENDING
ORD-2CEA4994,CLI-79EAE461,2025-11-18,Consulting,3171.43,PENDING
ORD-3B41E31A,CLI-0F9027D5-DUP,2025-05-25,SaaS,4628.25,PENDING
ORD-47E32652,CLI-0A4C9F7F,2026-05-20,Setup,4392.56,CANCELLED
ORD-17BC399C,CLI-794954DB,2025-08-07,Support,191.88,CANCELLED
ORD-CCC3BE47,CLI-1923CAFC,2025-07-28,Setup,3888.41,CANCELLED
ORD-DF4E3131,CLI-588309DE,2026-01-01,Support,3275.58,CANCELLED
ORD-D6759C5E,CLI-D5AD86BC,2025-10-03,Support,3307.69,COMPLETED
ORD-EB315783,CLI-3DE667F9,2026-03-18,SaaS,3915.42,CANCELLED
ORD-C0ED0AFD,CLI-716FB276,2025-12-11,SaaS,2088.72,COMPLETED
ORD-F611B8D0,CLI-D98F5E83,2025-05-06,Support,3160.41,COMPLETED
ORD-A927FD46,CLI-9E87E04C,2025-07-20,SaaS,904.97,PENDING
ORD-9379D429,CLI-985E7E89,2025-01-20,Consulting,1809.23,COMPLETED
ORD-57C168FB,CLI-AA29EE4C,2024-09-25,SaaS,3505.91,COMPLETED
ORD-DD45A2DB,CLI-33B0FB53,2024-07-12,Support,4654.58,COMPLETED
ORD-95C783CB,CLI-CABAEF3C,2024-10-06,Setup,2920.79,CANCELLED
ORD-474BA340,CLI-79C9C839,2026-03-20,Support,3572.41,CANCELLED
ORD-77125222,CLI-755CEE2A,2025-07-05,SaaS,3433.4,COMPLETED
ORD-3D49D1D7,CLI-F0B6844F,2024-06-23,Setup,1722.31,CANCELLED
ORD-B4A31D6A,CLI-15A75ED9,2026-03-07,Consulting,494.82,PENDING
ORD-A3D0ED89,CLI-ED113FAF,2024-10-27,Consulting,3946.52,CANCELLED
ORD-1FEBF83D,CLI-1E73B307,2025-09-19,SaaS,4304.25,COMPLETED
ORD-188A09EB,CLI-90B7F26F,2026-01-20,Setup,1922.87,CANCELLED
ORD-F5CB5605,CLI-4024C424,2025-05-02,SaaS,3658.29,CANCELLED
ORD-1DB1C0B0,CLI-07275940,2026-05-17,SaaS,-3621.59,COMPLETED
ORD-1A62DE3E,CLI-44725AB7,2026-05-25,Consulting,1326.09,COMPLETED
ORD-7D4E15DE,CLI-6ECFAAB4,2024-10-27,Setup,1551.98,CANCELLED
ORD-ACB88598,CLI-EAD1D758,2026-01-28,Support,4999.94,PENDING
ORD-3E042026,CLI-6F4CC69A,2024-09-28,SaaS,2823.57,COMPLETED
ORD-29D63050,CLI-0123A348,2025-11-27,Support,3649.02,PENDING
ORD-6E2D3C58,CLI-93E34C35,2025-02-12,Consulting,3345.93,CANCELLED
ORD-670AF69A,CLI-D3AA9B27,2025-11-30,Consulting,3250.61,COMPLETED
ORD-C1CB9833,CLI-F50BEA63,2025-11-23,SaaS,985.11,PENDING
ORD-C076E606,CLI-3F6C21F7,2025-11-11,Support,2462.72,CANCELLED
ORD-921565EA,CLI-92D2408E,2026-04-29,Consulting,2518.62,PENDING
ORD-4DF1A4AD,CLI-D86AF8F9-DUP,2025-06-24,Support,815.03,CANCELLED
ORD-DD0D27DD,CLI-33EE16E7,2024-12-07,Setup,1770.69,PENDING
ORD-C5FE77F7,CLI-D947C72A,2025-08-05,Consulting,2164.0,CANCELLED
ORD-DBEE466A,CLI-6EE35607,2026-03-28,SaaS,2950.6,COMPLETED
ORD-2DF711CE,CLI-E892464D,2025-03-11,Consulting,705.27,COMPLETED
ORD-2BFD154F,CLI-1DD73F1F,2026-04-21,Setup,3728.8,PENDING
ORD-76215B47,CLI-D6415102,2025-11-26,Setup,3078.35,COMPLETED
ORD-459241AC,CLI-75666394,2025-04-29,Support,478.38,PENDING
ORD-97F33322,CLI-7F111A36,2026-05-13,SaaS,3555.05,CANCELLED
ORD-99B90023,CLI-F8B1F902,2026-04-05,Consulting,4404.72,COMPLETED
ORD-5ADE290E,CLI-73C374A6-DUP,2025-10-16,Consulting,1124.64,CANCELLED
ORD-AC965DC7,CLI-0D565923,2024-10-01,Setup,4481.29,CANCELLED
ORD-BBBCC3E6,CLI-785CA87B,2025-10-17,SaaS,1203.73,COMPLETED
ORD-721E0A41,CLI-2D1594CB,2024-06-02,Consulting,1077.7,COMPLETED
ORD-CF89E41A,CLI-DCA7E284,2025-06-05,Setup,1023.43,PENDING
ORD-8C240E9B,CLI-F7BCBC14,2025-08-25,SaaS,4842.92,PENDING
ORD-5F26B776,CLI-94E2A33D,2025-11-26,SaaS,550.09,PENDING
ORD-62DB8D22,CLI-A8CC6E3B,2024-12-27,Setup,-1958.93,PENDING
ORD-8A14C41E,CLI-22212E52,2025-12-24,Support,3471.25,CANCELLED
ORD-73470176,CLI-FF7A884D,2024-10-16,Support,199.08,CANCELLED
ORD-36A06105,CLI-8AF53D42,2025-09-01,SaaS,1352.22,COMPLETED
ORD-DCCD5AEC,CLI-F31B3888,2024-10-31,Consulting,3055.58,COMPLETED
ORD-AC97E3D1,CLI-INVALID-268,2025-03-28,Setup,518.29,PENDING
ORD-6F34F064,CLI-5C238D8D,2026-02-25,Support,3651.05,CANCELLED
ORD-17F78015,CLI-5BD20C98,2026-02-20,Support,2315.83,COMPLETED
ORD-3B2A1678,CLI-421D4DCA,2025-06-14,Consulting,1823.96,PENDING
ORD-C2663C3F,CLI-67CBA27A,2025-03-13,Support,1936.61,PENDING
ORD-5639A196,CLI-173A0C96,2026-03-26,Setup,4929.65,COMPLETED
ORD-6F7B99F7,CLI-A6D977A1,2025-12-15,Setup,1771.94,COMPLETED
ORD-DA27F919,CLI-52555C75,2024-07-30,Consulting,2592.06,CANCELLED
ORD-2AF15324,CLI-08F548E7,2025-02-05,Support,1931.84,CANCELLED
ORD-48FB11F0,CLI-46A49F8D,2026-03-27,Support,3537.16,PENDING
ORD-948BF086,CLI-4A1A4219,2024-08-23,SaaS,373.29,PENDING
ORD-DBDE18E8,CLI-D8528ABB,2025-11-21,Support,4852.42,PENDING
ORD-B0DB93F0,CLI-5BF6F06D,2024-10-16,Support,2264.01,CANCELLED
ORD-CB8275F1,CLI-3354B4BE,2024-07-06,SaaS,3169.0,CANCELLED
ORD-A82CBED3,CLI-7C8B7F1E,2025-09-20,SaaS,4596.36,COMPLETED
ORD-F61C1661,CLI-EE1595CF,2025-07-19,Setup,2479.67,PENDING
ORD-8C91F81C,CLI-E4EE8F51-DUP,2026-02-28,Setup,3458.9,COMPLETED
ORD-FCC40681,CLI-B1FEAD13-DUP,2024-07-28,Consulting,198.47,PENDING
ORD-80A10327,CLI-E3E3E73B,2024-11-13,Support,2240.59,PENDING
ORD-9E74CB6A,CLI-2AC38BD3,2024-10-28,SaaS,1806.06,PENDING
ORD-A519C3E8,CLI-FF7A884D,2025-07-31,Support,335.9,PENDING
ORD-C6477F74,CLI-56EF26A3,2026-02-23,Setup,4763.89,PENDING
ORD-5B0D2428,CLI-581E60EF,2025-03-05,Consulting,925.18,CANCELLED
ORD-6B6B6654,CLI-B1FE69B8,2025-08-22,Support,2629.51,PENDING
ORD-70F8C810,CLI-BDD640FB,2024-12-12,Support,2957.66,CANCELLED
ORD-CFFF52CA,CLI-7F111A36,2025-01-27,Consulting,4412.64,CANCELLED
ORD-B60147C8,CLI-3894DE06,2026-04-02,SaaS,4896.22,CANCELLED
ORD-3700E363,CLI-C6B6E4AD,2024-10-30,Consulting,4151.31,CANCELLED
ORD-5054E429,CLI-42442FCE,2025-01-10,SaaS,-3324.46,COMPLETED
ORD-1B1E1933,CLI-32339053,2026-05-19,SaaS,3937.75,COMPLETED
ORD-17B76C8D,CLI-6D2CDBF9,2026-03-22,SaaS,4062.7,PENDING
ORD-66B3335B,CLI-D0AFB235,2025-08-25,Setup,3057.55,COMPLETED
ORD-38FD0C79,CLI-C84A89B8,2026-01-24,Support,2899.15,CANCELLED
ORD-8948DB22,CLI-8DF1363A,2024-06-02,Setup,2193.84,CANCELLED
ORD-D9800E46,CLI-400945CE,2025-07-07,Setup,1059.84,COMPLETED
ORD-974B3906,CLI-BDF68EB0-DUP,2024-11-01,Consulting,3524.87,COMPLETED
ORD-F127BAA7,CLI-DB3FB4A2,2026-02-12,Setup,1797.42,COMPLETED
ORD-EDCD7411,CLI-C5811D2D,2025-05-04,Setup,4142.88,CANCELLED
ORD-1B310631,CLI-F51E2DF3,2024-07-13,Consulting,3595.92,PENDING
ORD-FF23DC19,CLI-B5A4C55B,2026-01-21,SaaS,3265.85,PENDING
ORD-D4DAB805,CLI-BE59D035,2025-09-07,SaaS,511.85,COMPLETED
ORD-D800690A,CLI-B5A4C55B,2025-08-12,Consulting,3566.76,COMPLETED
ORD-94AFE8B9,CLI-0F5675F8,2025-11-02,Consulting,1818.03,COMPLETED
ORD-999BC180,CLI-53133EA1,2025-04-04,SaaS,1144.75,COMPLETED
ORD-49C7F370,CLI-F1780077,2025-02-11,Setup,2875.07,COMPLETED
ORD-84D473CC,CLI-1A37F6BD,2024-08-22,Setup,3784.95,COMPLETED
ORD-8A868900,CLI-2DB69EDB,2025-10-19,Support,3748.4,COMPLETED
ORD-535FFAC6,CLI-2AD98682,2024-12-03,Setup,3883.38,COMPLETED
ORD-806273B3,CLI-INVALID-796,2024-06-19,Consulting,4067.2,CANCELLED
ORD-A33EDFFC,CLI-F31B3888,2025-06-28,Setup,2021.96,CANCELLED
ORD-AA47A2FF,CLI-36760CE5,2025-08-20,SaaS,751.21,PENDING
ORD-50F23983,CLI-02929D3D,2026-02-03,Setup,4304.0,PENDING
ORD-0B7E51DD,CLI-581E60EF,2024-08-02,Setup,3043.86,PENDING
ORD-B652B9EF,CLI-C5AB48DA,2025-02-23,Setup,3168.57,CANCELLED
ORD-722C6CF7,CLI-5380B904,2026-04-24,SaaS,3922.47,COMPLETED
ORD-308C4FB3,CLI-F884195D,2025-01-05,Consulting,3855.2,PENDING
ORD-7BAD8BC6,CLI-21B6EB84,2025-09-12,SaaS,2992.76,PENDING
ORD-0B785AC8,CLI-0C5C9940,2024-09-17,Setup,4203.98,PENDING
ORD-F605AA9C,CLI-EEB093FE,2024-10-20,Consulting,3598.15,PENDING
ORD-9E8A8597,CLI-F884195D,2025-01-05,Support,53.4,COMPLETED
ORD-021CFACB,CLI-165EFFD1,2025-08-25,Consulting,1841.73,PENDING
ORD-69E8D3A4,CLI-1270C935,2024-06-06,Consulting,982.67,PENDING
ORD-15CF7F1A,CLI-E4F1E8E8,2026-03-01,Setup,678.03,PENDING
ORD-133A121F,CLI-E182701B,2024-12-16,SaaS,3974.51,CANCELLED
ORD-D7C3BA39,CLI-638CF9E3,2025-09-01,Support,1362.93,CANCELLED
ORD-6D55621B,CLI-57D52B78,2026-04-05,Consulting,1553.5,COMPLETED
ORD-845D0F4F,CLI-E8CEE951,2024-07-23,SaaS,3132.41,CANCELLED
ORD-29A1C842,CLI-9E87E04C,2026-05-06,Setup,4029.89,PENDING
ORD-4840EE5D,CLI-C24217C5,2025-12-13,Setup,3412.45,COMPLETED
ORD-320727AB,CLI-FECFC0DB,2025-11-23,Support,3526.24,CANCELLED
ORD-53B20D16,CLI-E4F1E8E8,2024-08-18,Support,1512.37,CANCELLED
ORD-3AFB9430,CLI-37B567B4,2025-07-03,Consulting,1689.04,CANCELLED
ORD-EA42CB51,CLI-1E73B307,2025-02-25,SaaS,4935.71,CANCELLED
ORD-80244DC6,CLI-0C6F3051,2025-04-16,Consulting,4850.85,COMPLETED
ORD-63D8BDCC,CLI-1E73B307,2025-07-05,Consulting,407.66,COMPLETED
ORD-08D2CDCA,CLI-230681AA,2025-05-11,Setup,3561.27,CANCELLED
ORD-03E5CD74,CLI-B1FEAD13,2026-01-03,SaaS,4775.74,PENDING
ORD-5A3F3952,CLI-68A69E71,2025-10-24,Setup,2974.86,PENDING
ORD-1F5AF8FB,CLI-BC7637A0,2025-10-06,Setup,2996.04,COMPLETED
ORD-9F49E457,CLI-99EA5BBD,2025-04-05,Support,4441.46,COMPLETED
ORD-4D30EF2C,CLI-INVALID-146,2025-08-06,Support,3744.24,PENDING
ORD-81AFC5FE,CLI-C84A89B8,2024-07-31,Support,3598.86,CANCELLED
ORD-5DC98246,CLI-255F30B9,2025-07-17,Consulting,3567.25,PENDING
ORD-E72C7890,CLI-10C1DE9C,2024-12-21,SaaS,2213.67,COMPLETED
ORD-8E870678,CLI-F9690579,2024-06-23,Support,878.53,COMPLETED
ORD-BCE0C907,CLI-8C7AA939,2026-02-25,Consulting,3444.52,PENDING
ORD-049B91B0,CLI-A50EE5E7,2024-11-02,Support,2384.41,PENDING
ORD-23A5DFF7,CLI-23D99D90,2024-09-20,Consulting,68.47,COMPLETED
ORD-3668257D,CLI-985E7E89,2026-02-11,Support,3242.84,CANCELLED
ORD-B5542048,CLI-2294FA0A,2025-12-23,Consulting,3961.17,COMPLETED
ORD-6E4EB84F,CLI-B4A69F3C,2025-07-15,SaaS,3623.52,PENDING
ORD-3B4AFEDF,CLI-6669F679,2024-08-02,Consulting,2015.61,PENDING
ORD-FFEA1EEA,CLI-5E6BA460,2025-07-10,SaaS,1733.26,CANCELLED
ORD-2E6AB2FD,CLI-0F9027D5,2024-08-19,Support,4001.77,CANCELLED
ORD-8F21E8EC,CLI-0B4E360A,2025-10-26,Consulting,3426.94,PENDING
ORD-945285EC,CLI-C2FD6177,2025-02-04,Setup,2668.68,CANCELLED
ORD-C134618F,CLI-D059B594,2024-10-16,SaaS,1327.14,COMPLETED
ORD-6655F4F8,CLI-6E988798,2025-04-27,Support,3462.27,PENDING
ORD-D55CEC3A,CLI-D139E6D8,2025-12-12,SaaS,1087.52,PENDING
ORD-8E2E8DC8,CLI-42E88605,2024-06-11,Setup,411.22,COMPLETED
ORD-ADF8BF95,CLI-94B59339,2026-01-08,Support,4282.08,COMPLETED
ORD-55957D5F,CLI-50640AE6,2025-01-05,SaaS,214.13,PENDING
ORD-C215821F,CLI-7B64665C,2024-07-18,SaaS,1034.11,COMPLETED
ORD-C6FF954A,CLI-AB9099A4,2026-01-13,Setup,2646.64,PENDING
ORD-16ED9108,CLI-7C5308BF,2025-01-30,Support,3162.76,COMPLETED
ORD-631947B6,CLI-0A4C9F7F,2025-04-20,SaaS,3084.83,CANCELLED
ORD-4E38B2D4,CLI-A25580EF,2024-11-04,Consulting,4014.77,COMPLETED
ORD-445751BC,CLI-50640AE6,2026-03-22,Support,1965.42,COMPLETED
ORD-7D2811FA,CLI-50640AE6,2025-05-01,SaaS,3426.02,COMPLETED
ORD-34A25407,CLI-A52523E3,2025-08-25,Consulting,3111.95,CANCELLED
ORD-8939F74A,CLI-INVALID-700,2026-02-18,Support,2148.85,COMPLETED
ORD-58C5D8C0,CLI-2408A6DC,2025-05-26,Support,2642.54,CANCELLED
ORD-46183169,CLI-D98D213C,2024-12-09,Support,4747.02,COMPLETED
ORD-E290B957,CLI-15F7EF61,2026-01-01,Setup,794.38,CANCELLED
ORD-BDCD79EE,CLI-A25580EF,2025-03-04,Setup,4002.56,CANCELLED
ORD-BCFFB3FF,CLI-3AF33CC5,2024-11-15,Support,3735.68,PENDING
ORD-3DC84BF1,CLI-8AA431E9,2025-04-13,Consulting,3598.66,CANCELLED
ORD-509814A6,CLI-11B7E948,2026-02-26,Setup,1400.82,PENDING
ORD-08546B42,CLI-0A4C9F7F,2025-12-10,Support,4033.41,CANCELLED
ORD-6725583D,CLI-72D8567D,2025-07-23,Consulting,2683.87,CANCELLED
ORD-B2562CFC,CLI-FF02F5B0,2026-03-27,SaaS,3024.14,PENDING
ORD-0055B7D8,CLI-7F85C4E7,2025-11-03,Support,324.04,COMPLETED
ORD-CD5AB971,CLI-33EE16E7,2025-11-15,Consulting,3547.29,PENDING
ORD-33BC3C07,CLI-70B6052F,2026-03-07,Support,4353.28,PENDING
ORD-64E37441,CLI-C976EC61,2026-02-15,SaaS,1369.07,COMPLETED
ORD-92042EEE,CLI-F6D9FE17,2025-08-20,Setup,4760.63,COMPLETED
ORD-D1730C9A,CLI-A52523E3,2026-01-11,SaaS,3923.67,COMPLETED
ORD-AE9B9636,CLI-F7294951,2026-02-22,Setup,2471.7,COMPLETED
ORD-A243D59D,CLI-665EC4DD,2025-05-03,Consulting,2612.85,COMPLETED
ORD-A7C1CA53,CLI-30E912F2,2025-02-20,Support,1354.75,CANCELLED
ORD-C4BEA518,CLI-EE5A8856,2025-09-05,Consulting,163.49,PENDING
ORD-5588E5C9,CLI-E746CCB9,2025-04-06,Support,2363.34,COMPLETED
ORD-F10230AC,CLI-A37AFC5C,2024-09-18,Consulting,4238.39,COMPLETED
ORD-76335450,CLI-F7BCBC14,2024-11-26,Setup,4320.34,CANCELLED
ORD-EF6791B6,CLI-73C374A6,2025-05-25,SaaS,4831.86,PENDING
ORD-CD7A1D02,CLI-96418CED-DUP,2025-11-27,Setup,107.95,COMPLETED
ORD-3479E48E,CLI-96418CED,2025-12-02,Setup,1373.27,PENDING
ORD-C4CE1D19,CLI-737EA52F,2025-02-05,Consulting,-1021.57,PENDING
ORD-9EC4D786,CLI-EEB81B7D,2024-08-27,Consulting,-3465.99,CANCELLED
ORD-818C7F71,CLI-17EAEC83,2024-11-19,Support,986.25,PENDING
ORD-9FC9EDA8,CLI-2AC38BD3,2025-05-27,Setup,459.4,PENDING
ORD-BE102CFE,CLI-6DF65800,2025-07-28,SaaS,2776.59,COMPLETED
ORD-D840FD58,CLI-354F184E,2025-10-28,Setup,216.69,COMPLETED
ORD-D55A082B,CLI-4BB3E035,2026-03-22,SaaS,3917.13,COMPLETED
ORD-E906705D,CLI-05D0F23A,2024-11-20,Support,1133.78,PENDING
ORD-1E09F522,CLI-3AF33CC5,2026-01-02,Setup,4893.43,COMPLETED
ORD-F984E1F8,CLI-56830783,2025-08-27,Setup,1081.98,COMPLETED
ORD-14111C2B,CLI-B1AC040D,2025-09-22,Consulting,-4610.86,CANCELLED
ORD-E897C1C6,CLI-B65FEEA9,2024-07-04,SaaS,3479.7,CANCELLED
ORD-87DB14F3,CLI-711533F3,2024-12-21,Support,4554.74,COMPLETED
ORD-CFB489F5,CLI-02929D3D,2025-06-13,Consulting,4131.55,PENDING
ORD-15AB577D,CLI-E12DEF58,2025-06-20,Support,1670.72,COMPLETED
ORD-963DDE79,CLI-8C83BC68,2025-02-08,SaaS,4358.18,CANCELLED
ORD-872242C6,CLI-7A0CD56D,2025-12-18,SaaS,1843.57,PENDING
ORD-BA59ACA8,CLI-0C3EDD5C,2025-11-07,Setup,1256.21,PENDING
ORD-D3162DB9,CLI-71219097,2025-10-24,Setup,2294.74,CANCELLED
ORD-82AAF3A7,CLI-8C813E53,2025-07-17,Setup,619.89,PENDING
ORD-D9C5C0C4,CLI-08683CBF,2025-03-22,Setup,253.3,PENDING
ORD-82202DAD,CLI-6AB9BA0F,2025-06-02,SaaS,4009.62,CANCELLED
ORD-D61BF839,CLI-A127DC6B,2025-04-20,Support,2260.85,PENDING
ORD-204E0E2F,CLI-239E5593,2024-10-30,Support,4375.7,COMPLETED
ORD-09DD97AE,CLI-A358C4D3,2024-06-06,SaaS,4070.56,CANCELLED
ORD-4F7F85A7,CLI-42E6918C,2025-07-15,Support,4468.9,PENDING
ORD-AD80A85C,CLI-3AF33CC5,2025-07-11,Support,4234.99,CANCELLED
ORD-EE1CF2D2,CLI-23D99D90-DUP,2024-09-25,Support,1682.97,PENDING
ORD-27A53571,CLI-6880534F,2026-03-22,Consulting,3684.48,PENDING
ORD-D12942F9,CLI-400945CE,2025-02-17,SaaS,2016.64,CANCELLED
ORD-56C7B5A2,CLI-FC9DC0D0,2024-12-17,Setup,2507.36,PENDING
ORD-5D10562E,CLI-651A6277,2026-03-31,Consulting,1798.3,COMPLETED
ORD-F857B817,CLI-A2624FD2,2026-04-03,Support,4783.74,CANCELLED
ORD-01FDC597,CLI-90B7F26F,2024-12-31,SaaS,317.14,COMPLETED
